nom,pipe,saisonepisode,lieu_date,video,url,date,lieu_1,lieu_2,lieu_3,lieu_4,lieu_5,lieu_6,lieu_7,lieu_8,lieu_9,lieu_10,lieu_11
"Simone Weber, la diabolique de Nancy",Pipe d'argent - bon épisode,saison 2 épisode 1,"Lieu : Nancy (54)

Début de l'affaire : 1985",https://www.youtube.com/embed/dtew0sdMb0I?enablejsapi=1&origin=https%3A%2F%2Fwww.fela.fr&widgetid=1,affaire/1/simone-weber-la-diabolique-de-nancy, 1985,"Nancy (54)

",,,,,,,,,,
"Patrick Henry, le procès de la guillotine",Pipe d'or - très bon épisode,saison 2 épisode 2,"Lieu : Troyes (10)

Début de l'affaire : 1976",https://www.youtube.com/embed/ZqDLvBK76Fo?enablejsapi=1&origin=https%3A%2F%2Fwww.fela.fr&widgetid=1,affaire/2/patrick-henry-le-proces-de-la-guillotine, 1976,"Troyes (10)

",,,,,,,,,,
"Richard Roman,  le procès d'un innocent",Pipe de bronze - épisode moyen,saison 2 épisode 3,"Lieu : La Motte-du-Caire (04)

Début de l'affaire : 1988",https://www.youtube.com/embed/w85jRR8Xlek?enablejsapi=1&origin=https%3A%2F%2Fwww.fela.fr&widgetid=1,affaire/3/richard-roman-le-proces-dun-innocent, 1988,"La Motte-du-Caire (04)

",,,,,,,,,,
"Omar Raddad,  le coupable désigné",Pipe d'or - très bon épisode,saison 2 épisode 4,"Lieu : Mougins (06)

Début de l'affaire : 1991",,affaire/4/omar-raddad-le-coupable-designe, 1991,"Mougins (06)

",,,,,,,,,,
"Pierre Chanal, l'énigme de Mourmelon",Pipe de diamant - excellent épisode,saison 2 épisode 5,"Lieu : Mourmelon (51)

Début de l'affaire : 1980",https://www.youtube.com/embed/dCYnvSNyILI?enablejsapi=1&origin=https%3A%2F%2Fwww.fela.fr&widgetid=1,affaire/5/pierre-chanal-lenigme-de-mourmelon, 1980,"Mourmelon (51)

",,,,,,,,,,
L'assassinat du petit Grégory,Pipe d'or - très bon épisode,saison 3 épisode 1,"Lieu : Lépanges-sur-Vologne (88)

Début de l'affaire : 1984",https://www.youtube.com/embed/NFB4nDiR_l0?enablejsapi=1&origin=https%3A%2F%2Fwww.fela.fr&widgetid=1,affaire/6/lassassinat-du-petit-gregory, 1984,"Lépanges-sur-Vologne (88)

",,,,,,,,,,
"Christian Ranucci, l'énigme du pull-over rouge",Pipe d'or - très bon épisode,saison 3 épisode 2,"Lieux : Marseille (13), Peypin (13)

Début de l'affaire : 1974",https://www.youtube.com/embed/KeK-T5Jqt2g?enablejsapi=1&origin=https%3A%2F%2Fwww.fela.fr&widgetid=1,affaire/7/christian-ranucci-lenigme-du-pull-over-rouge, 1974,Marseille (13)," Peypin (13)

",,,,,,,,,
L'assassinat du juge Michel,Pipe d'or - très bon épisode,saison 3 épisode 3,"Lieu : Marseille (13)

Début de l'affaire : 1981",https://www.youtube.com/embed/FZM09wAaMpc?enablejsapi=1&origin=https%3A%2F%2Fwww.fela.fr&widgetid=1,affaire/8/lassassinat-du-juge-michel, 1981,"Marseille (13)

",,,,,,,,,,
"Christine Malèvre, la mort au bout de l'aiguille",Pipe de bronze - épisode moyen,saison 3 épisode 4,"Lieu : Mantes-la-Jolie (78)

Début de l'affaire : 1997",,affaire/9/christine-malevre-la-mort-au-bout-de-laiguille, 1997,"Mantes-la-Jolie (78)

",,,,,,,,,,
"Patrick Dils, marathon pour un acquittement",Pipe d'or - très bon épisode,saison 3 épisode 5,"Lieu : Montigny-les-Metz (57)

Début de l'affaire : 1986",https://www.youtube.com/embed/D8yTkNMFz4o?enablejsapi=1&origin=https%3A%2F%2Fwww.fela.fr&widgetid=1,affaire/10/patrick-dils-marathon-pour-un-acquittement, 1986,"Montigny-les-Metz (57)

",,,,,,,,,,
"Jean-Louis Turquin, voyage au bout de la haine",Pipe d'or - très bon épisode,saison 3 épisode 6,"Lieu : Nice (06)

Début de l'affaire : 1991",,affaire/11/jean-louis-turquin-voyage-au-bout-de-la-haine, 1991,"Nice (06)

",,,,,,,,,,
"François Besse, lieutenant de Mesrine",Pipe d'argent - bon épisode,saison 3 épisode 7,"Lieux : Deauville (14), Cognac (16), Bordeaux (33), Perpignan (66), Paris (75), Fresnes (94), Belgique, Maroc

Début de l'affaire : 1973",,affaire/12/francois-besse-lieutenant-de-mesrine, 1973,Deauville (14), Cognac (16), Bordeaux (33), Perpignan (66), Paris (75), Fresnes (94), Belgique," Maroc

",,,
"Marc Dutroux, le démon belge",Pipe de diamant - excellent épisode,saison 3 épisode 8,"Lieu : Belgique

Début de l'affaire : 1995",https://www.youtube.com/embed/Vrz-VdPCEPA?enablejsapi=1&origin=https%3A%2F%2Fwww.fela.fr&widgetid=1,affaire/13/marc-dutroux-le-demon-belge, 1995,"Belgique

",,,,,,,,,,
Qui a tué le berger de Castellar ?,Pipe de bronze - épisode moyen,saison 4 épisode 1,"Lieu : Castellar (06)

Début de l'affaire : 1991",https://www.youtube.com/embed/H5Ktyk9qWTY?enablejsapi=1&origin=https%3A%2F%2Fwww.fela.fr&widgetid=1,affaire/14/qui-a-tue-le-berger-de-castellar, 1991,"Castellar (06)

",,,,,,,,,,
"Florence Rey, Audry Maupin, tueurs nés ? ",Pipe d'argent - bon épisode,saison 4 épisode 2,"Lieu : Paris (75)

Début de l'affaire : 1994",https://www.youtube.com/embed/XiTU2t1Fntg?enablejsapi=1&origin=https%3A%2F%2Fwww.fela.fr&widgetid=1,affaire/15/florence-rey-audry-maupin-tueurs-nes, 1994,"Paris (75)

",,,,,,,,,,
"Yves Dandonneau, le mort vivant",Pipe d'argent - bon épisode,saison 4 épisode 3,"Lieu : Joncels (34)

Début de l'affaire : 1987",https://www.youtube.com/embed/8ucsTRYea7E?enablejsapi=1&origin=https%3A%2F%2Fwww.fela.fr&widgetid=1,affaire/16/yves-dandonneau-le-mort-vivant, 1987,"Joncels (34)

",,,,,,,,,,
"Magali Guillemot, la mort du petit Lubin",Pipe d'argent - bon épisode,saison 4 épisode 4,"Lieu : Montrouge (92)

Début de l'affaire : 1994",https://www.youtube.com/embed/WPkeYCs7BVA?enablejsapi=1&origin=https%3A%2F%2Fwww.fela.fr&widgetid=1,affaire/17/magali-guillemot-la-mort-du-petit-lubin, 1994,"Montrouge (92)

",,,,,,,,,,
"Christian Van Geloven, criminel sexuel",Pipe d'argent - bon épisode,saison 4 épisode 5,"Lieux : Saint-Maurice-de-Navacelles (34), Elne (66)

Début de l'affaire : 1991",https://www.youtube.com/embed/iYLPmQB8aBk?enablejsapi=1&origin=https%3A%2F%2Fwww.fela.fr&widgetid=1,affaire/18/christian-van-geloven-criminel-sexuel, 1991,Saint-Maurice-de-Navacelles (34)," Elne (66)

",,,,,,,,,
"Francis Heaulme, le routard du crime",Pipe d'argent - bon épisode,saison 4 épisode 6,"Lieux : Charleville-Mézières (08), Le Relecq-Kerhuon (29), Villers-Allerand (51), Montauville (54), Metz(57), Montigny-lès-Metz (57), Ogy (57), Boulogne-sur-Mer (62), Port Grimaud (83)

Début de l'affaire : 1984",https://www.youtube.com/embed/udPyhd4qCvo?enablejsapi=1&origin=https%3A%2F%2Fwww.fela.fr&widgetid=1,affaire/19/francis-heaulme-le-routard-du-crime, 1984,Charleville-Mézières (08), Le Relecq-Kerhuon (29), Villers-Allerand (51), Montauville (54), Metz(57), Montigny-lès-Metz (57), Ogy (57), Boulogne-sur-Mer (62)," Port Grimaud (83)

",,
La disparition d'Agnès Le Roux,Pipe d'argent - bon épisode,saison 4 épisode 7,"Lieu : Nice (06)

Début de l'affaire : 1977",https://www.youtube.com/embed/VfnUG37ZhBw?enablejsapi=1&origin=https%3A%2F%2Fwww.fela.fr&widgetid=1,affaire/20/la-disparition-dagnes-le-roux, 1977,"Nice (06)

",,,,,,,,,,
"Thierry Paulin, le tueur de vieilles dames",Pipe d'argent - bon épisode,saison 4 épisode 8,"Lieu : Paris (75)

Début de l'affaire : 1984",https://www.youtube.com/embed/jznhQj5UByk?enablejsapi=1&origin=https%3A%2F%2Fwww.fela.fr&widgetid=1,affaire/21/thierry-paulin-le-tueur-de-vieilles-dames, 1984,"Paris (75)

",,,,,,,,,,
"Alexi, la tuerie de Louveciennes",Pipe d'or - très bon épisode,saison 4 épisode 9,"Lieu : Louveciennes (78)

Début de l'affaire : 1995",https://www.youtube.com/embed/iUp8sj5fIY4?enablejsapi=1&origin=https%3A%2F%2Fwww.fela.fr&widgetid=1,affaire/22/alexi-la-tuerie-de-louveciennes, 1995,"Louveciennes (78)

",,,,,,,,,,
"Human Bomb, prise d'otages à la maternelle",Pipe d'argent - bon épisode,saison 4 épisode 10,"Lieu : Neuilly-sur-Seine (92)

Début de l'affaire : 1993",https://www.youtube.com/embed/6fFDQye16w4?enablejsapi=1&origin=https%3A%2F%2Fwww.fela.fr&widgetid=1,affaire/23/human-bomb-prise-dotages-a-la-maternelle, 1993,"Neuilly-sur-Seine (92)

",,,,,,,,,,
"Roberto Succo, Succo le fou",Pipe de diamant - excellent épisode,saison 4 épisode 11,"Lieux : Château-Arnoux-Saint-Auban (04), Pugny-Chatenod (73), Tresserve (73), Menthon Saint-Bernard (74), La Seyne-sur-Mer (83), Toulon (83), Italie, Suisse

Début de l'affaire : 1987",https://www.youtube.com/embed/bPNPFkhf-sE?enablejsapi=1&origin=https%3A%2F%2Fwww.fela.fr&widgetid=1,affaire/24/roberto-succo-succo-le-fou, 1987,Château-Arnoux-Saint-Auban (04), Pugny-Chatenod (73), Tresserve (73), Menthon Saint-Bernard (74), La Seyne-sur-Mer (83), Toulon (83), Italie," Suisse

",,,
"Albert Spaggiari, le casse du siècle",Pipe d'argent - bon épisode,saison 4 épisode 12,"Lieu : Nice (06)

Début de l'affaire : 1976",https://www.youtube.com/embed/yCkJE6_BgFM?enablejsapi=1&origin=https%3A%2F%2Fwww.fela.fr&widgetid=1,affaire/25/albert-spaggiari-le-casse-du-siecle, 1976,"Nice (06)

",,,,,,,,,,
"Guy Georges, le tueur de l'Est parisien",Pipe de diamant - excellent épisode,saison 4 épisode 13,"Lieu : Paris (75)

Début de l'affaire : 1991",https://www.youtube.com/embed/6QAn3-iC_QE?enablejsapi=1&origin=https%3A%2F%2Fwww.fela.fr&widgetid=1,affaire/26/guy-georges-le-tueur-de-lest-parisien, 1991,"Paris (75)

",,,,,,,,,,
"Action directe, l'assassinat de Georges Besse",Pipe de bronze - épisode moyen,saison 5 épisode 1,"Lieu : Paris (75)

Début de l'affaire : 1986",,affaire/27/action-directe-lassassinat-de-georges-besse, 1986,"Paris (75)

",,,,,,,,,,
"Marcel Barbeault, le tueur de l'ombre",Pipe de diamant - excellent épisode,saison 5 épisode 2,"Lieux : Laigneville (60), Nogent-sur-Oise (60), Villers-Saint-Paul (60)

Début de l'affaire : 1969",https://www.youtube.com/embed/sfB6Spo4wiI?enablejsapi=1&origin=https%3A%2F%2Fwww.fela.fr&widgetid=1,affaire/28/marcel-barbeault-le-tueur-de-lombre, 1969,Laigneville (60), Nogent-sur-Oise (60)," Villers-Saint-Paul (60)

",,,,,,,,
Les postiches,Pipe d'argent - bon épisode,saison 5 épisode 3,"Lieu : Paris (75)

Début de l'affaire : 1981",https://www.youtube.com/embed/deOIMGbxh5o?enablejsapi=1&origin=https%3A%2F%2Fwww.fela.fr&widgetid=1,affaire/29/les-postiches, 1981,"Paris (75)

",,,,,,,,,,
La disparition du pasteur Doucé,Pipe de bronze - épisode moyen,saison 5 épisode 4,"Lieux : Paris (75), Rambouillet (78)

Début de l'affaire : 1990",https://www.youtube.com/embed/Fp0kLawWIec?enablejsapi=1&origin=https%3A%2F%2Fwww.fela.fr&widgetid=1,affaire/30/la-disparition-du-pasteur-douce, 1990,Paris (75)," Rambouillet (78)

",,,,,,,,,
"Joël Matencio, le groupe 666",Pipe de bronze - épisode moyen,saison 5 épisode 5,"Lieu : Grenoble (38)

Début de l'affaire : 1976",https://www.youtube.com/embed/uTddTZuw6_4?enablejsapi=1&origin=https%3A%2F%2Fwww.fela.fr&widgetid=1,affaire/31/joel-matencio-le-groupe-666, 1976,"Grenoble (38)

",,,,,,,,,,
L'enlèvement du baron Empain,Pipe d'or - très bon épisode,saison 5 épisode 6,"Lieu : Paris (75)

Début de l'affaire : 1978",https://www.youtube.com/embed/5K4GmrFYtMI?enablejsapi=1&origin=https%3A%2F%2Fwww.fela.fr&widgetid=1,affaire/32/lenlevement-du-baron-empain, 1978,"Paris (75)

",,,,,,,,,,
"Alfredo Stranieri, voleur de vie",Pipe d'or - très bon épisode,saison 5 épisode 7,"Lieux : Bez-de-Naussac (12), Viry-Châtillon (91)

Début de l'affaire : 1997",https://www.youtube.com/embed/_pDLb7AGrjg?enablejsapi=1&origin=https%3A%2F%2Fwww.fela.fr&widgetid=1,affaire/33/alfredo-stranieri-voleur-de-vie, 1997,Bez-de-Naussac (12)," Viry-Châtillon (91)

",,,,,,,,,
"Rezala, le tueur des trains",Pipe d'or - très bon épisode,saison 5 épisode 8,"Lieux : Marseille (13), Chabenet (36), Amiens (80), Portugal

Début de l'affaire : 1999",https://www.youtube.com/embed/KOeqDbtHOpo?enablejsapi=1&origin=https%3A%2F%2Fwww.fela.fr&widgetid=1,affaire/34/rezala-le-tueur-des-trains, 1999,Marseille (13), Chabenet (36), Amiens (80)," Portugal

",,,,,,,
"Pierre Dubois, meurtre au collège",Pipe d'argent - bon épisode,saison 5 épisode 9,"Lieu : La Chapelle-Saint-Luc (10)

Début de l'affaire : 1993",https://www.youtube.com/embed/XmOHy75n23s?enablejsapi=1&origin=https%3A%2F%2Fwww.fela.fr&widgetid=1,affaire/35/pierre-dubois-meurtre-au-college, 1993,"La Chapelle-Saint-Luc (10)

",,,,,,,,,,
"Nadir Sedrati, le dépeceur du canal",Pipe de bronze - épisode moyen,saison 5 épisode 10,"Lieux : Jarville-la-Malgrange (54), Laxou (54)

Début de l'affaire : 1999",https://www.youtube.com/embed/3l6a1JeRkkE?enablejsapi=1&origin=https%3A%2F%2Fwww.fela.fr&widgetid=1,affaire/36/nadir-sedrati-le-depeceur-du-canal, 1999,Jarville-la-Malgrange (54)," Laxou (54)

",,,,,,,,,
"Marcel Lechien, le maître d'école",Pipe de bronze - épisode moyen,saison 5 épisode 11,"Lieu : Cormeille (27)

Début de l'affaire : 1989",https://www.youtube.com/embed/jtSLgB1GypA?enablejsapi=1&origin=https%3A%2F%2Fwww.fela.fr&widgetid=1,affaire/37/marcel-lechien-le-maitre-decole, 1989,"Cormeille (27)

",,,,,,,,,,
"Émile Louis, les disparues de l'Yonne",Pipe d'argent - bon épisode,saison 5 épisode 12,"Lieu : Département de l'Yonne (89)

Début de l'affaire : 1977",,affaire/38/emile-louis-les-disparues-de-lyonne, 1977,"Département de l'Yonne (89)

",,,,,,,,,,
"L'affaire Alain Lamare, état de démence",Pipe d'argent - bon épisode,saison 5 épisode 13,"Lieux : Chantilly (60), Creil (60), Fitz-James (60), Orry-la-Ville (60), Pont-Sainte-Maxence (60), Senarpont (80)

Début de l'affaire : 1978",https://www.youtube.com/embed/3XALCmUOwYA?enablejsapi=1&origin=https%3A%2F%2Fwww.fela.fr&widgetid=1,affaire/39/laffaire-alain-lamare-etat-de-demence, 1978,Chantilly (60), Creil (60), Fitz-James (60), Orry-la-Ville (60), Pont-Sainte-Maxence (60)," Senarpont (80)

",,,,,
"Jamila Belkacem, l'empoisonneuse",Pipe d'argent - bon épisode,saison 5 épisode 14,"Lieux : Bourg-en-Bresse (01), Villefranche-sur-Saône (69)

Début de l'affaire : 1999",https://www.youtube.com/embed/oO2NTVX2DXk?enablejsapi=1&origin=https%3A%2F%2Fwww.fela.fr&widgetid=1,affaire/40/jamila-belkacem-lempoisonneuse, 1999,Bourg-en-Bresse (01)," Villefranche-sur-Saône (69)

",,,,,,,,,
"Francisco Arce Montes, l'affaire Caroline Dickinson",Pipe d'or - très bon épisode,saison 6 épisode 1,"Lieu : Pleine-Fougères (35)

Début de l'affaire : 1996",https://www.youtube.com/embed/SFkKeUw4gf8?enablejsapi=1&origin=https%3A%2F%2Fwww.fela.fr&widgetid=1,affaire/41/francisco-arce-montes-laffaire-caroline-dickinson, 1996,"Pleine-Fougères (35)

",,,,,,,,,,
Les profanateurs du cimetière de Carpentras,Pipe d'argent - bon épisode,saison 6 épisode 2,"Lieu : Carpentras (84)

Début de l'affaire : 1990",https://www.youtube.com/embed/_GrAlsZjG80?enablejsapi=1&origin=https%3A%2F%2Fwww.fela.fr&widgetid=1,affaire/42/les-profanateurs-du-cimetiere-de-carpentras, 1990,"Carpentras (84)

",,,,,,,,,,
"Pierre Bodein, Pierrot le fou",Pipe d'or - très bon épisode,saison 6 épisode 3,"Lieux : Bourgheim (67), Hindisheim (67), Rhinau (67), Schirmeck (67)

Début de l'affaire : 2004",https://www.youtube.com/embed/4ijmlUz-qHo?enablejsapi=1&origin=https%3A%2F%2Fwww.fela.fr&widgetid=1,affaire/43/pierre-bodein-pierrot-le-fou, 2004,Bourgheim (67), Hindisheim (67), Rhinau (67)," Schirmeck (67)

",,,,,,,
"Arnaud Thomas-Chevallier, le meurtre de maître Flauder",Pipe d'or - très bon épisode,saison 6 épisode 4,"Lieu : Muzeray (55)

Début de l'affaire : 1980",https://www.youtube.com/embed/V35sK-wXdEs?enablejsapi=1&origin=https%3A%2F%2Fwww.fela.fr&widgetid=1,affaire/44/arnaud-thomas-chevallier-le-meurtre-de-maitre-flauder, 1980,"Muzeray (55)

",,,,,,,,,,
"Bruno Joushomme, meurtre en 2 CV",Pipe de bronze - épisode moyen,saison 6 épisode 5,"Lieu : Chaville (92)

Début de l'affaire : 1985",https://www.youtube.com/embed/VEZuBwir6Nw?enablejsapi=1&origin=https%3A%2F%2Fwww.fela.fr&widgetid=1,affaire/45/bruno-joushomme-meurtre-en-2-cv, 1985,"Chaville (92)

",,,,,,,,,,
Le meurtre du député Benbara,Pipe d'or - très bon épisode,saison 6 épisode 6,"Lieux : Paris (75), Nanterre (92)

Début de l'affaire : 2003",,affaire/46/le-meurtre-du-depute-benbara, 2003,Paris (75)," Nanterre (92)

",,,,,,,,,
"Pierre Goldman, l'assassinat",Pipe d'argent - bon épisode,saison 6 épisode 7,"Lieu : Paris (75)

Début de l'affaire : 1969",https://www.youtube.com/embed/g8vWlvAzzGA?enablejsapi=1&origin=https%3A%2F%2Fwww.fela.fr&widgetid=1,affaire/47/pierre-goldman-lassassinat, 1969,"Paris (75)

",,,,,,,,,,
"Les frères Jourdain, meurtres au carnaval",Pipe de diamant - excellent épisode,saison 6 épisode 8,"Lieux : Dannes (62), Le Portel (62), Sainte-Cécile (62)

Début de l'affaire : 1997",https://www.youtube.com/embed/egq6mP6p3gU?enablejsapi=1&origin=https%3A%2F%2Fwww.fela.fr&widgetid=1,affaire/48/les-freres-jourdain-meurtres-au-carnaval, 1997,Dannes (62), Le Portel (62)," Sainte-Cécile (62)

",,,,,,,,
La French Connection,Pipe d'argent - bon épisode,saison 6 épisode 9,"Lieux : Marseille (13), États-Unis

Début de l'affaire : 1962",https://www.youtube.com/embed/BLOOarUb-4s?enablejsapi=1&origin=https%3A%2F%2Fwww.fela.fr&widgetid=1,affaire/49/la-french-connection, 1962,Marseille (13)," États-Unis

",,,,,,,,,
Les amants maudits,Pipe d'argent - bon épisode,saison 6 épisode 10,"Lieu : Sougy (45)

Début de l'affaire : 1998",https://www.youtube.com/embed/Y34_TKqgCos?enablejsapi=1&origin=https%3A%2F%2Fwww.fela.fr&widgetid=1,affaire/50/les-amants-maudits, 1998,"Sougy (45)

",,,,,,,,,,
L'assassinat du « Sheriff »,Pipe d'argent - bon épisode,saison 6 épisode 11,"Lieu : Lyon (69)

Début de l'affaire : 1975",https://www.youtube.com/embed/ZYrJUPaV8Qw?enablejsapi=1&origin=https%3A%2F%2Fwww.fela.fr&widgetid=1,affaire/51/lassassinat-du-sheriff, 1975,"Lyon (69)

",,,,,,,,,,
"Yann Piat, une femme à abattre",Pipe d'argent - bon épisode,saison 6 épisode 12,"Lieu : Hyères (83)

Début de l'affaire : 1994",https://www.youtube.com/embed/8ugqcBb0Os0?enablejsapi=1&origin=https%3A%2F%2Fwww.fela.fr&widgetid=1,affaire/52/yann-piat-une-femme-a-abattre, 1994,"Hyères (83)

",,,,,,,,,,
"Jean-Claude Romand, le menteur",Pipe de diamant - excellent épisode,saison 7 épisode 1,"Lieux : Prévessin-Moëns (01), Clairvaux-les-Lacs (39)

Début de l'affaire : 1993",https://www.youtube.com/embed/zzTxz7nOOdo?enablejsapi=1&origin=https%3A%2F%2Fwww.fela.fr&widgetid=1,affaire/53/jean-claude-romand-le-menteur, 1993,Prévessin-Moëns (01)," Clairvaux-les-Lacs (39)

",,,,,,,,,
"Roland Cazaux, le chat",Pipe de diamant - excellent épisode,saison 7 épisode 2,"Lieux : Arcachon (33), Hossegor (40), Biarritz (64)

Début de l'affaire : 1987",https://www.youtube.com/embed/DBFgHAA0lN0?enablejsapi=1&origin=https%3A%2F%2Fwww.fela.fr&widgetid=1,affaire/54/roland-cazaux-le-chat, 1987,Arcachon (33), Hossegor (40)," Biarritz (64)

",,,,,,,,
"Khaled Kelkal, ennemi public numéro 1",Pipe de diamant - excellent épisode,saison 7 épisode 3,"Lieux : Vaugneray (69), Villeurbanne (69), Paris (75)

Début de l'affaire : 1995",https://www.youtube.com/embed/DS9E8FZ9wkQ?enablejsapi=1&origin=https%3A%2F%2Fwww.fela.fr&widgetid=1,affaire/55/khaled-kelkal-ennemi-public-numero-1, 1995,Vaugneray (69), Villeurbanne (69)," Paris (75)

",,,,,,,,
La tuerie d'Auriol,Pipe d'argent - bon épisode,saison 7 épisode 4,"Lieu : Auriol (13)

Début de l'affaire : 1981",https://www.youtube.com/embed/iwhlL5Vdycs?enablejsapi=1&origin=https%3A%2F%2Fwww.fela.fr&widgetid=1,affaire/56/la-tuerie-dauriol, 1981,"Auriol (13)

",,,,,,,,,,
"Paul Touvier, la traque",Pipe d'or - très bon épisode,saison 7 épisode 5,"Lieux : Nice (06), Rillieux-la-Pape (69), Chambery (73)

Début de l'affaire : 1972",https://www.youtube.com/embed/ACXZ7YruETI?enablejsapi=1&origin=https%3A%2F%2Fwww.fela.fr&widgetid=1,affaire/57/paul-touvier-la-traque, 1972,Nice (06), Rillieux-la-Pape (69)," Chambery (73)

",,,,,,,,
"Jean-Claude Bonnal, le Chinois",Pipe d'argent - bon épisode,saison 7 épisode 6,"Lieux : Paris (75), Athis-Mons (91)

Début de l'affaire : 1998",https://www.youtube.com/embed/k6KKbgMJuuA?enablejsapi=1&origin=https%3A%2F%2Fwww.fela.fr&widgetid=1,affaire/58/jean-claude-bonnal-le-chinois, 1998,Paris (75)," Athis-Mons (91)

",,,,,,,,,
"Michel Guibal, l'envoûtement",Pipe d'or - très bon épisode,saison 7 épisode 7,"Lieu : Perpignan (66)

Début de l'affaire : 1991",https://www.youtube.com/embed/oEsA_u-vIzU?enablejsapi=1&origin=https%3A%2F%2Fwww.fela.fr&widgetid=1,affaire/59/michel-guibal-lenvoutement, 1991,"Perpignan (66)

",,,,,,,,,,
"Dany Leprince, la feuille de boucher",Pipe d'or - très bon épisode,saison 7 épisode 8,"Lieu : Thorigné-sur-Dué (72)

Début de l'affaire : 1994",,affaire/60/dany-leprince-la-feuille-de-boucher, 1994,"Thorigné-sur-Dué (72)

",,,,,,,,,,
"André Kaas, la mauvaise réputation",Pipe d'argent - bon épisode,saison 7 épisode 9,"Lieu : Anneville-Ambourville (76)

Début de l'affaire : 1992",https://www.youtube.com/embed/WUBaBcgZjmA?enablejsapi=1&origin=https%3A%2F%2Fwww.fela.fr&widgetid=1,affaire/61/andre-kaas-la-mauvaise-reputation, 1992,"Anneville-Ambourville (76)

",,,,,,,,,,
"Michel Pinneteau, les corps sans tête de l'Estéron",Pipe d'argent - bon épisode,saison 7 épisode 10,"Lieu : Toudon (06)

Début de l'affaire : 1999",,affaire/62/michel-pinneteau-les-corps-sans-tete-de-lesteron, 1999,"Toudon (06)

",,,,,,,,,,
"Louis Poirson, le tailleur de pierres",Pipe de diamant - excellent épisode,saison 8 épisode 1,"Lieux : Douains (27), Strasbourg (67), Mantes-la-Jolie (78), La Villeneuve-en-Chevrie (78), Saint-Cyr-en-Arthies (95)

Début de l'affaire : 2000",https://www.youtube.com/embed/uxA7EGzs4N0?enablejsapi=1&origin=https%3A%2F%2Fwww.fela.fr&widgetid=1,affaire/63/louis-poirson-le-tailleur-de-pierres, 2000,Douains (27), Strasbourg (67), Mantes-la-Jolie (78), La Villeneuve-en-Chevrie (78)," Saint-Cyr-en-Arthies (95)

",,,,,,
"Nadine et Jérôme, meurtre en famille",Pipe de bronze - épisode moyen,saison 8 épisode 2,"Lieu : Iville (27)

Début de l'affaire : 2002",https://www.youtube.com/embed/WzhXnNpK720?enablejsapi=1&origin=https%3A%2F%2Fwww.fela.fr&widgetid=1,affaire/64/nadine-et-jerome-meurtre-en-famille, 2002,"Iville (27)

",,,,,,,,,,
L'énigme Alfred Petit,Pipe d'or - très bon épisode,saison 8 épisode 3,"Lieu : Saint-Jacques-sur-Darnétal (76)

Début de l'affaire : 2001",https://www.youtube.com/embed/9P15CIMgGdw?enablejsapi=1&origin=https%3A%2F%2Fwww.fela.fr&widgetid=1,affaire/65/lenigme-alfred-petit, 2001,"Saint-Jacques-sur-Darnétal (76)

",,,,,,,,,,
Les meurtres de la gare de Perpignan,Pipe d'or - très bon épisode,saison 8 épisode 4,"Lieu : Perpignan (66)

Début de l'affaire : 1995",,affaire/66/les-meurtres-de-la-gare-de-perpignan, 1995,"Perpignan (66)

",,,,,,,,,,
"Marie-Louise Polidori, l'huissier hors-la-loi",Pipe de bronze - épisode moyen,saison 8 épisode 5,"Lieu : Paris (75)

Début de l'affaire : 1999",,affaire/67/marie-louise-polidori-lhuissier-hors-la-loi, 1999,"Paris (75)

",,,,,,,,,,
"Jean-Pierre Deulin, pour quelques centimètres de plus",Pipe d'argent - bon épisode,saison 8 épisode 6,"Lieu : Maroilles (59)

Début de l'affaire : 1987",,affaire/68/jean-pierre-deulin-pour-quelques-centimetres-de-plus, 1987,"Maroilles (59)

",,,,,,,,,,
"Jocelyne Bourdin et Marc Fasquel, le couple pervers",Pipe de bronze - épisode moyen,saison 8 épisode 7,"Lieux : Barbezieux (16), Pruniers (36), Grand-Auverné (44), Vic-en-Bigorre (65), Courcelles-sous-Thoix (80), Castelsarrasin (82)

Début de l'affaire : 1986",,affaire/69/jocelyne-bourdin-et-marc-fasquel-le-couple-pervers, 1986,Barbezieux (16), Pruniers (36), Grand-Auverné (44), Vic-en-Bigorre (65), Courcelles-sous-Thoix (80)," Castelsarrasin (82)

",,,,,
"Jean Chouraqui, la guerre des cliniques",Pipe de bronze - épisode moyen,saison 8 épisode 8,"Lieu : Marseille (13)

Début de l'affaire : 1988",https://www.youtube.com/embed/RVKAleGyd5k?enablejsapi=1&origin=https%3A%2F%2Fwww.fela.fr&widgetid=1,affaire/70/jean-chouraqui-la-guerre-des-cliniques, 1988,"Marseille (13)

",,,,,,,,,,
"Jacques Maire, le caïd de Dombasle",Pipe de diamant - excellent épisode,saison 8 épisode 9,"Lieu : Dombasle (54)

Début de l'affaire : 1987",https://www.youtube.com/embed/SCqZ-RWVBdo?enablejsapi=1&origin=https%3A%2F%2Fwww.fela.fr&widgetid=1,affaire/71/jacques-maire-le-caid-de-dombasle, 1987,"Dombasle (54)

",,,,,,,,,,
"Sylvie Reviriego, meurtre sur ordonnance",Pipe d'argent - bon épisode,saison 8 épisode 10,"Lieu : Tours (37)

Début de l'affaire : 1988",https://www.youtube.com/embed/7m2b62qOHPA?enablejsapi=1&origin=https%3A%2F%2Fwww.fela.fr&widgetid=1,affaire/72/sylvie-reviriego-meurtre-sur-ordonnance, 1988,"Tours (37)

",,,,,,,,,,
"Christian Marletta, l'aveu",Pipe d'argent - bon épisode,saison 8 épisode 11,"Lieu : Marseille (13)

Début de l'affaire : 1982",,affaire/73/christian-marletta-laveu, 1982,"Marseille (13)

",,,,,,,,,,
"Myriam Badaoui, la menteuse et le juge",Pipe d'argent - bon épisode,saison 8 épisode 12,"Lieu : Outreau (62)

Début de l'affaire : 2000",https://www.youtube.com/embed/HrrSkgPogrA?enablejsapi=1&origin=https%3A%2F%2Fwww.fela.fr&widgetid=1,affaire/74/myriam-badaoui-la-menteuse-et-le-juge, 2000,"Outreau (62)

",,,,,,,,,,
"Charles et Christophe Cretello, double détente",Pipe de bronze - épisode moyen,saison 8 épisode 13,"Lieu : Rosenau (68)

Début de l'affaire : 1996",https://www.youtube.com/embed/VpS8pEunzPU?enablejsapi=1&origin=https%3A%2F%2Fwww.fela.fr&widgetid=1,affaire/75/charles-et-christophe-cretello-double-detente, 1996,"Rosenau (68)

",,,,,,,,,,
"Edgar Boulai, les disparus de Vaux-le-Pénil",Pipe d'argent - bon épisode,saison 8 épisode 14,"Lieu : Vaux-le-Pénil (77)

Début de l'affaire : 1995",https://www.youtube.com/embed/O-8J6_86wPU?enablejsapi=1&origin=https%3A%2F%2Fwww.fela.fr&widgetid=1,affaire/76/edgar-boulai-les-disparus-de-vaux-le-penil, 1995,"Vaux-le-Pénil (77)

",,,,,,,,,,
"Luc Tangore, innocent à tout prix",Pipe d'or - très bon épisode,saison 8 épisode 15,"Lieux : Marseille (13), Nîmes (30)

Début de l'affaire : 1979",https://www.youtube.com/embed/623qspTqaKc?enablejsapi=1&origin=https%3A%2F%2Fwww.fela.fr&widgetid=1,affaire/77/luc-tangore-innocent-a-tout-prix, 1979,Marseille (13)," Nîmes (30)

",,,,,,,,,
"Stéphane Krauth, le meurtre de Karine Schaaff",Pipe d'argent - bon épisode,saison 8 épisode 16,"Lieu : Bitche (57)

Début de l'affaire : 2001",https://www.youtube.com/embed/GEERBuRRR84?enablejsapi=1&origin=https%3A%2F%2Fwww.fela.fr&widgetid=1,affaire/78/stephane-krauth-le-meurtre-de-karine-schaaff, 2001,"Bitche (57)

",,,,,,,,,,
"Jean-Marc Petroff, la mort de Jean-Claude Poulet-Dachary",Pipe d'argent - bon épisode,saison 8 épisode 17,"Lieu : Toulon (83)

Début de l'affaire : 1995",https://www.youtube.com/embed/Y7-dAiQ_VLI?enablejsapi=1&origin=https%3A%2F%2Fwww.fela.fr&widgetid=1,affaire/79/jean-marc-petroff-la-mort-de-jean-claude-poulet-dachary, 1995,"Toulon (83)

",,,,,,,,,,
"Nathalie Le Scrill, l'étrangleuse",Pipe d'argent - bon épisode,saison 8 épisode 18,"Lieu : Lamorlaye (60)

Début de l'affaire : 1994",https://www.youtube.com/embed/7hT09L8HFz4?enablejsapi=1&origin=https%3A%2F%2Fwww.fela.fr&widgetid=1,affaire/80/nathalie-le-scrill-letrangleuse, 1994,"Lamorlaye (60)

",,,,,,,,,,
"Patrick Tissier, le récidiviste",Pipe d'or - très bon épisode,saison 8 épisode 19,"Lieux : Perpignan (66), Bourges (18)

Début de l'affaire : 1993",https://www.youtube.com/embed/lIdUK-w2Ug0?enablejsapi=1&origin=https%3A%2F%2Fwww.fela.fr&widgetid=1,affaire/81/patrick-tissier-le-recidiviste, 1993,Perpignan (66)," Bourges (18)

",,,,,,,,,
"Abderrezak Besseghir, le bagagiste de Roissy",Pipe d'or - très bon épisode,saison 8 épisode 20,"Lieux : Roissy (93), Bondy (93)

Début de l'affaire : 2002",,affaire/82/abderrezak-besseghir-le-bagagiste-de-roissy, 2002,Roissy (93)," Bondy (93)

",,,,,,,,,
"Jacques Plumain, le fantôme de Kehl",Pipe d'argent - bon épisode,saison 9 épisode 1,"Lieux : La Wantzenau (67), Allemagne

Début de l'affaire : 1999",https://www.youtube.com/embed/K7IBuQ8swsE?enablejsapi=1&origin=https%3A%2F%2Fwww.fela.fr&widgetid=1,affaire/83/jacques-plumain-le-fantome-de-kehl, 1999,La Wantzenau (67)," Allemagne

",,,,,,,,,
"L'abbé Pierre Dufour, le secret de la vallée",Pipe d'argent - bon épisode,saison 9 épisode 2,"Lieu : Saint-Jean-de-Maurienne (73)

Début de l'affaire : 1991",https://www.youtube.com/embed/5WEUQbI4m6c?enablejsapi=1&origin=https%3A%2F%2Fwww.fela.fr&widgetid=1,affaire/84/labbe-pierre-dufour-le-secret-de-la-vallee, 1991,"Saint-Jean-de-Maurienne (73)

",,,,,,,,,,
"David Hotyat, la tuerie du Grand-Bornand",Pipe de diamant - excellent épisode,saison 9 épisode 3,"Lieu : Le Grand-Bornand (74)

Début de l'affaire : 2003",https://www.youtube.com/embed/c_OT6OApEvA?enablejsapi=1&origin=https%3A%2F%2Fwww.fela.fr&widgetid=1,affaire/85/david-hotyat-la-tuerie-du-grand-bornand, 2003,"Le Grand-Bornand (74)

",,,,,,,,,,
"Jacques Mesrine, l'homme aux 1000 visages",Pipe d'or - très bon épisode,saison 9 épisode 4,"Lieux : Compiègne (60), Deauville (14), Forêt d'Halatte(60), Paris (75), Boulogne-Billancourt (92)

Début de l'affaire : 1973",https://www.youtube.com/embed/OEhNcNqJjsg?enablejsapi=1&origin=https%3A%2F%2Fwww.fela.fr&widgetid=1,affaire/86/jacques-mesrine-lhomme-aux-1000-visages, 1973,Compiègne (60), Deauville (14), Forêt d'Halatte(60), Paris (75)," Boulogne-Billancourt (92)

",,,,,,
"Didier Tallineau, l'homme aux deux visages",Pipe d'or - très bon épisode,saison 9 épisode 5,"Lieux : Châteaubriant (44), Oulmes (85)

Début de l'affaire : 1989",https://www.youtube.com/embed/cO84j2mgddk?enablejsapi=1&origin=https%3A%2F%2Fwww.fela.fr&widgetid=1,affaire/87/didier-tallineau-lhomme-aux-deux-visages, 1989,Châteaubriant (44)," Oulmes (85)

",,,,,,,,,
"Jacques Fruminet, tueur de femmes",Pipe d'or - très bon épisode,saison 9 épisode 6,"Lieux : Colmar (68), Évaux-et-Ménil (88), Mulhouse (68)

Début de l'affaire : 1998",https://www.youtube.com/embed/eZY3hj2yjC4?enablejsapi=1&origin=https%3A%2F%2Fwww.fela.fr&widgetid=1,affaire/88/jacques-fruminet-tueur-de-femmes, 1998,Colmar (68), Évaux-et-Ménil (88)," Mulhouse (68)

",,,,,,,,
"Henri-Jean Jacomet, massacre à huis-clos",Pipe d'or - très bon épisode,saison 9 épisode 7,"Lieu : Huos (31)

Début de l'affaire : 1988",,affaire/89/henri-jean-jacomet-massacre-a-huis-clos, 1988,"Huos (31)

",,,,,,,,,,
Le réseau pédophile d'Angers,Pipe d'argent - bon épisode,saison 9 épisode 8,"Lieu : Angers (49)

Début de l'affaire : 1999",https://www.youtube.com/embed/GjZp41g5Q0c?enablejsapi=1&origin=https%3A%2F%2Fwww.fela.fr&widgetid=1,affaire/90/le-reseau-pedophile-dangers, 1999,"Angers (49)

",,,,,,,,,,
"Romain Dupuy, les infirmières de Pau",Pipe d'or - très bon épisode,saison 9 épisode 9,"Lieu : Pau (64)

Début de l'affaire : 2004",https://www.youtube.com/embed/wpru7ql5ZFQ?enablejsapi=1&origin=https%3A%2F%2Fwww.fela.fr&widgetid=1,affaire/91/romain-dupuy-les-infirmieres-de-pau, 2004,"Pau (64)

",,,,,,,,,,
Roland Bondonny et le mystère des boulettes bleues,Pipe d'or - très bon épisode,saison 9 épisode 10,"Lieu : Égletons (19)

Début de l'affaire : 2004",,affaire/92/roland-bondonny-et-le-mystere-des-boulettes-bleues, 2004,"Égletons (19)

",,,,,,,,,,
"Michel Fourniret et Monique Olivier, l'alliance diabolique",Pipe de diamant - excellent épisode,saison 9 épisode 11,"Lieux : Charleville-Mézières (08), Donchery (08), Sedan (08), Auxerre (89), Belgique

Début de l'affaire : 2001",https://www.youtube.com/embed/5W6d89hl_2w?enablejsapi=1&origin=https%3A%2F%2Fwww.fela.fr&widgetid=1,affaire/93/michel-fourniret-et-monique-olivier-lalliance-diabolique, 2001,Charleville-Mézières (08), Donchery (08), Sedan (08), Auxerre (89)," Belgique

",,,,,,
"Les paras de Francazal, virée sanglante",Pipe d'or - très bon épisode,saison 9 épisode 12,"Lieux : Toulouse (31), Saint-Romain-de-Jalionas (38)

Début de l'affaire : 1989",,affaire/94/les-paras-de-francazal-viree-sanglante, 1989,Toulouse (31)," Saint-Romain-de-Jalionas (38)

",,,,,,,,,
"Denis Waxin, le prédateur",Pipe d'or - très bon épisode,saison 9 épisode 13,"Lieu : Lille (59)

Début de l'affaire : 1992",https://www.youtube.com/embed/0RNEAsE3moY?enablejsapi=1&origin=https%3A%2F%2Fwww.fela.fr&widgetid=1,affaire/95/denis-waxin-le-predateur, 1992,"Lille (59)

",,,,,,,,,,
"Jean-Luc Blanche, le routard du viol",Pipe d'or - très bon épisode,saison 9 épisode 14,"Lieux : Vouziers (08), Caen (14), Fontaine-la-Soret (27), Reims (51), Saint-Loup-Géanges (71), Orsay (91)

Début de l'affaire : 2003",https://www.youtube.com/embed/wwCC8gNT-mM?enablejsapi=1&origin=https%3A%2F%2Fwww.fela.fr&widgetid=1,affaire/96/jean-luc-blanche-le-routard-du-viol, 2003,Vouziers (08), Caen (14), Fontaine-la-Soret (27), Reims (51), Saint-Loup-Géanges (71)," Orsay (91)

",,,,,
"Florence Féderlé, le mystère du tronc brûlé",Pipe d'argent - bon épisode,saison 9 épisode 15,"Lieu : Moigny-sur-École (91)

Début de l'affaire : 2004",https://www.youtube.com/embed/HdTw8SyXAmk?enablejsapi=1&origin=https%3A%2F%2Fwww.fela.fr&widgetid=1,affaire/97/florence-federle-le-mystere-du-tronc-brule, 2004,"Moigny-sur-École (91)

",,,,,,,,,,
"Jean-Luc Cayez, la machination du concierge",Pipe d'or - très bon épisode,saison 9 épisode 16,"Lieu : Soisy-sur-Seine (91)

Début de l'affaire : 2005",https://www.youtube.com/embed/uGMPveq8tO8?enablejsapi=1&origin=https%3A%2F%2Fwww.fela.fr&widgetid=1,affaire/98/jean-luc-cayez-la-machination-du-concierge, 2005,"Soisy-sur-Seine (91)

",,,,,,,,,,
"Tommy Recco, la malédiction des Recco",Pipe d'argent - bon épisode,saison 9 épisode 17,"Lieux : Propriano (2A), Béziers (34), Carqueiranne (83)

Début de l'affaire : 1960",,affaire/99/tommy-recco-la-malediction-des-recco, 1960,Propriano (2A), Béziers (34)," Carqueiranne (83)

",,,,,,,,
"Mamadou Traoré, le tueur aux mains nues",Pipe d'or - très bon épisode,saison 10 épisode 1,"Lieux : Paris (75), Neuilly-sur-Seine (92)

Début de l'affaire : 1996",https://www.youtube.com/embed/bNP9fT6y1h0?enablejsapi=1&origin=https%3A%2F%2Fwww.fela.fr&widgetid=1,affaire/100/mamadou-traore-le-tueur-aux-mains-nues, 1996,Paris (75)," Neuilly-sur-Seine (92)

",,,,,,,,,
Le gang de Roubaix,Pipe d'argent - bon épisode,saison 10 épisode 2,"Lieux : Croix (59), Faches-Thumesnil (59), Leers (59), Lille (59), Roubaix (59), Auchy-les-Mines (62)

Début de l'affaire : 1996",,affaire/101/le-gang-de-roubaix, 1996,Croix (59), Faches-Thumesnil (59), Leers (59), Lille (59), Roubaix (59)," Auchy-les-Mines (62)

",,,,,
"Geneviève Montillet, la diabolique d'Antibes",Pipe d'argent - bon épisode,saison 10 épisode 3,"Lieux : Antibes (06), Juan-les-Pins (06)

Début de l'affaire : 1992",https://www.youtube.com/embed/f5hA0KlWNJA?enablejsapi=1&origin=https%3A%2F%2Fwww.fela.fr&widgetid=1,affaire/102/genevieve-montillet-la-diabolique-dantibes, 1992,Antibes (06)," Juan-les-Pins (06)

",,,,,,,,,
"Patrick Trémeau, le violeur des parkings",Pipe d'or - très bon épisode,saison 10 épisode 4,"Lieu : Paris (75)

Début de l'affaire : 1993",https://www.youtube.com/embed/aoqHDWYGcKs?enablejsapi=1&origin=https%3A%2F%2Fwww.fela.fr&widgetid=1,affaire/103/patrick-tremeau-le-violeur-des-parkings, 1993,"Paris (75)

",,,,,,,,,,
"Roland Moog, meurtre au cinéma",Pipe d'or - très bon épisode,saison 10 épisode 5,"Lieu : Strasbourg (67)

Début de l'affaire : 1995",https://www.youtube.com/embed/wESniILyTFw?enablejsapi=1&origin=https%3A%2F%2Fwww.fela.fr&widgetid=1,affaire/104/roland-moog-meurtre-au-cinema, 1995,"Strasbourg (67)

",,,,,,,,,,
"Jean-Baptiste Hennequin, triple meurtre au Grand Hôtel",Pipe d'or - très bon épisode,saison 10 épisode 6,"Lieu : Saint-Quentin (02)

Début de l'affaire : 1997",https://www.youtube.com/embed/kh2B2MQCPeo?enablejsapi=1&origin=https%3A%2F%2Fwww.fela.fr&widgetid=1,affaire/105/jean-baptiste-hennequin-triple-meurtre-au-grand-hotel, 1997,"Saint-Quentin (02)

",,,,,,,,,,
"Claude Lastennet, tueur de vieilles dames",Pipe d'argent - bon épisode,saison 10 épisode 7,"Lieux : Boulogne-Billancourt (92), Bourg-la-Reine (92), Chevilly-Larue (94), Thiais (94)

Début de l'affaire : 1993",https://www.youtube.com/embed/gmPHP259ulw?enablejsapi=1&origin=https%3A%2F%2Fwww.fela.fr&widgetid=1,affaire/106/claude-lastennet-tueur-de-vieilles-dames, 1993,Boulogne-Billancourt (92), Bourg-la-Reine (92), Chevilly-Larue (94)," Thiais (94)

",,,,,,,
"Patrick Gateau, le procès de la récidive",Pipe d'or - très bon épisode,saison 10 épisode 8,"Lieux : Sainte-Foy-lès-Lyon (69), Reuil-en-Brie (77)

Début de l'affaire : 2005",https://www.youtube.com/embed/GwJPvgB9Fv8?enablejsapi=1&origin=https%3A%2F%2Fwww.fela.fr&widgetid=1,affaire/107/patrick-gateau-le-proces-de-la-recidive, 2005,Sainte-Foy-lès-Lyon (69)," Reuil-en-Brie (77)

",,,,,,,,,
"Annie et Yann Baudet, meurtre en famille",Pipe d'argent - bon épisode,saison 10 épisode 9,"Lieu : Nîmes (30)

Début de l'affaire : 1998",https://www.youtube.com/embed/5EKO1tGUHrE?enablejsapi=1&origin=https%3A%2F%2Fwww.fela.fr&widgetid=1,affaire/108/annie-et-yann-baudet-meurtre-en-famille, 1998,"Nîmes (30)

",,,,,,,,,,
"Vincenzo Aiutino, l'homme aux 50 affaires",Pipe d'argent - bon épisode,saison 10 épisode 10,"Lieu : Longwy (54)

Début de l'affaire : 1991",https://www.youtube.com/embed/5onKXHnSYH8?enablejsapi=1&origin=https%3A%2F%2Fwww.fela.fr&widgetid=1,affaire/109/vincenzo-aiutino-lhomme-aux-50-affaires, 1991,"Longwy (54)

",,,,,,,,,,
"Bérenger Brouns, le charcutier du marché Saint-Martin",Pipe d'argent - bon épisode,saison 10 épisode 11,"Lieu : Paris (75)

Début de l'affaire : 2005",https://www.youtube.com/embed/-LP2CBaCrGY?enablejsapi=1&origin=https%3A%2F%2Fwww.fela.fr&widgetid=1,affaire/110/berenger-brouns-le-charcutier-du-marche-saint-martin, 2005,"Paris (75)

",,,,,,,,,,
Le Lord assassiné,Pipe d'argent - bon épisode,saison 10 épisode 12,"Lieu : Cannes (06)

Début de l'affaire : 2004",,affaire/111/le-lord-assassine, 2004,"Cannes (06)

",,,,,,,,,,
La folle cavale de Lionel Cardon,Pipe d'argent - bon épisode,saison 10 épisode 13,"Lieux : Pessac (33), Paris (75)

Début de l'affaire : 1983",,affaire/112/la-folle-cavale-de-lionel-cardon, 1983,Pessac (33)," Paris (75)

",,,,,,,,,
"Jacky Haddouche, au hasard du crime",Pipe d'argent - bon épisode,saison 10 épisode 14,"Lieux : Saint-Étienne (42), Beauvais (60)

Début de l'affaire : 2002",https://www.youtube.com/embed/hNtpgwHUgq0?enablejsapi=1&origin=https%3A%2F%2Fwww.fela.fr&widgetid=1,affaire/113/jacky-haddouche-au-hasard-du-crime, 2002,Saint-Étienne (42)," Beauvais (60)

",,,,,,,,,
La mort sur rendez-vous,Pipe d'argent - bon épisode,saison 10 épisode 15,"Lieu : Paris (75)

Début de l'affaire : 1984",https://www.youtube.com/embed/k2vHRSma2_c?enablejsapi=1&origin=https%3A%2F%2Fwww.fela.fr&widgetid=1,affaire/114/la-mort-sur-rendez-vous, 1984,"Paris (75)

",,,,,,,,,,
"Frédéric Audibert, violence à huis-clos",Pipe d'argent - bon épisode,saison 10 épisode 16,"Lieu : Le Mas (06)

Début de l'affaire : 2003",https://www.youtube.com/embed/Ol3ml7ivzBs?enablejsapi=1&origin=https%3A%2F%2Fwww.fela.fr&widgetid=1,affaire/115/frederic-audibert-violence-a-huis-clos, 2003,"Le Mas (06)

",,,,,,,,,,
La fille indigne et le récidiviste,Pipe de bronze - épisode moyen,saison 10 épisode 17,"Lieu : Mareuil-lès-Meaux (77)

Début de l'affaire : 2005",https://www.youtube.com/embed/Z4VTbs1AinE?enablejsapi=1&origin=https%3A%2F%2Fwww.fela.fr&widgetid=1,affaire/116/la-fille-indigne-et-le-recidiviste, 2005,"Mareuil-lès-Meaux (77)

",,,,,,,,,,
Les amants du Cap Canaille,Pipe d'or - très bon épisode,saison 11 épisode 1,"Lieux : Cassis (13), Sanary-sur-Mer (83)

Début de l'affaire : 2001",https://www.youtube.com/embed/gCZXzM_KO6c?enablejsapi=1&origin=https%3A%2F%2Fwww.fela.fr&widgetid=1,affaire/117/les-amants-du-cap-canaille, 2001,Cassis (13)," Sanary-sur-Mer (83)

",,,,,,,,,
"Dominique Louis, les secrets de Madame Jochimec",Pipe d'argent - bon épisode,saison 11 épisode 2,"Lieux : Lyon (69), Espagne

Début de l'affaire : 2003",,affaire/118/dominique-louis-les-secrets-de-madame-jochimec, 2003,Lyon (69)," Espagne

",,,,,,,,,
"Véronique Courjault, l'affaire des bébés congelés",Pipe d'or - très bon épisode,saison 11 épisode 3,"Lieux : Villeneuve-la-Comtesse (17), Corée du Sud

Début de l'affaire : 2006",https://www.youtube.com/embed/Jo0Rt7djHKQ?enablejsapi=1&origin=https%3A%2F%2Fwww.fela.fr&widgetid=1,affaire/119/veronique-courjault-laffaire-des-bebes-congeles, 2006,Villeneuve-la-Comtesse (17)," Corée du Sud

",,,,,,,,,
Les trois procès d'Edwige Alessandri,Pipe d'argent - bon épisode,saison 11 épisode 4,"Lieu : Pernes-les-Fontaines (84)

Début de l'affaire : 2000",,affaire/120/les-trois-proces-dedwige-alessandri, 2000,"Pernes-les-Fontaines (84)

",,,,,,,,,,
Casse à la Banque de France de Toulon,Pipe d'argent - bon épisode,saison 11 épisode 5,"Lieu : Toulon (83)

Début de l'affaire : 1992",,affaire/121/casse-a-la-banque-de-france-de-toulon, 1992,"Toulon (83)

",,,,,,,,,,
"Francis Leroy, le tueur de la pleine lune",Pipe d'argent - bon épisode,saison 11 épisode 6,"Lieux : Saintes (17), Bergerac (24), Lembras (24)

Début de l'affaire : 1984",https://www.youtube.com/embed/EZ-xd4eWaFA?enablejsapi=1&origin=https%3A%2F%2Fwww.fela.fr&widgetid=1,affaire/122/francis-leroy-le-tueur-de-la-pleine-lune, 1984,Saintes (17), Bergerac (24)," Lembras (24)

",,,,,,,,
"Jacqueline Carrère-Ponthieux, innocentée après 13 ans",Pipe d'argent - bon épisode,saison 11 épisode 7,"Lieu : Nogent-sur-Oise (60)

Début de l'affaire : 1997",https://www.youtube.com/embed/eGQUJN17VYc?enablejsapi=1&origin=https%3A%2F%2Fwww.fela.fr&widgetid=1,affaire/123/jacqueline-carrere-ponthieux-innocentee-apres-13-ans, 1997,"Nogent-sur-Oise (60)

",,,,,,,,,,
"André et Geneviève Gournier, morts sans ordonnance",Pipe d'or - très bon épisode,saison 11 épisode 8,"Lieu : Saint-Priest-en-Jarez (42)

Début de l'affaire : 1999",https://www.youtube.com/embed/oIu7X_o2rVc?enablejsapi=1&origin=https%3A%2F%2Fwww.fela.fr&widgetid=1,affaire/124/andre-et-genevieve-gournier-morts-sans-ordonnance, 1999,"Saint-Priest-en-Jarez (42)

",,,,,,,,,,
La disparition de Suzanne Viguier,Pipe de diamant - excellent épisode,saison 11 épisode 9,"Lieu : Toulouse (31)

Début de l'affaire : 2000",https://www.youtube.com/embed/iBA47cTHW5U?enablejsapi=1&origin=https%3A%2F%2Fwww.fela.fr&widgetid=1,affaire/125/la-disparition-de-suzanne-viguier, 2000,"Toulouse (31)

",,,,,,,,,,
"Serge Armand, l'homme qui voulait faire sa loi",Pipe d'argent - bon épisode,saison 11 épisode 10,"Lieux : Richerenches (84), Valréas (84)

Début de l'affaire : 2002",,affaire/126/serge-armand-lhomme-qui-voulait-faire-sa-loi, 2002,Richerenches (84)," Valréas (84)

",,,,,,,,,
La tuerie de Belhade,Pipe d'argent - bon épisode,saison 11 épisode 11,"Lieu : Belhade (40)

Début de l'affaire : 1985",https://www.youtube.com/embed/tvAtyZytoXY?enablejsapi=1&origin=https%3A%2F%2Fwww.fela.fr&widgetid=1,affaire/127/la-tuerie-de-belhade, 1985,"Belhade (40)

",,,,,,,,,,
"Robert Greiner, le pompier criminel",Pipe d'or - très bon épisode,saison 11 épisode 12,"Lieu : Les Angles (30)

Début de l'affaire : 1987",https://www.youtube.com/embed/DDiS8D1hW0Y?enablejsapi=1&origin=https%3A%2F%2Fwww.fela.fr&widgetid=1,affaire/128/robert-greiner-le-pompier-criminel, 1987,"Les Angles (30)

",,,,,,,,,,
"Jean-Pierre Treiber, l'affaire Giraud/Lherbier",Pipe d'or - très bon épisode,saison 11 épisode 13,"Lieu : Villeneuve-sur-Yonne (89)

Début de l'affaire : 2004",https://www.youtube.com/embed/Ra9-9qeSpFw?enablejsapi=1&origin=https%3A%2F%2Fwww.fela.fr&widgetid=1,affaire/129/jean-pierre-treiber-laffaire-giraud-lherbier, 2004,"Villeneuve-sur-Yonne (89)

",,,,,,,,,,
"Béatrice Edouin, femme fatale",Pipe de bronze - épisode moyen,saison 11 épisode 14,"Lieux : Beausoleil (06), Castellar (06)

Début de l'affaire : 2001",https://www.youtube.com/embed/dw-YbZu5NE4?enablejsapi=1&origin=https%3A%2F%2Fwww.fela.fr&widgetid=1,affaire/130/beatrice-edouin-femme-fatale, 2001,Beausoleil (06)," Castellar (06)

",,,,,,,,,
Le pacte de sang,Pipe d'argent - bon épisode,saison 11 épisode 15,"Lieux : Larchant (77), Pays-Bas, Portugal

Début de l'affaire : 1997",,affaire/131/le-pacte-de-sang, 1997,Larchant (77), Pays-Bas," Portugal

",,,,,,,,
"Albert Foulcher, la vengeance de l'assureur",Pipe d'or - très bon épisode,saison 11 épisode 16,"Lieux : Narbonne (11), Pailhès (34)

Début de l'affaire : 1993",,affaire/132/albert-foulcher-la-vengeance-de-lassureur, 1993,Narbonne (11)," Pailhès (34)

",,,,,,,,,
"Jean-Paul Leconte, le tueur de la Somme",Pipe d'or - très bon épisode,saison 11 épisode 17,"Lieux : Buire-sur-l'Ancre (80), Villers-Bretonneux (80)

Début de l'affaire : 2002",https://www.youtube.com/embed/3Y2Jxie5_Fg?enablejsapi=1&origin=https%3A%2F%2Fwww.fela.fr&widgetid=1,affaire/133/jean-paul-leconte-le-tueur-de-la-somme, 2002,Buire-sur-l'Ancre (80)," Villers-Bretonneux (80)

",,,,,,,,,
"Bernard Rouhalde, le mari, la mafia, la mamie",Pipe d'argent - bon épisode,saison 11 épisode 18,"Lieux : Clermont-Ferrand (63), Ris (63), Royat (63), Italie

Début de l'affaire : 1991",https://www.youtube.com/embed/0BN-UAOx8CQ?enablejsapi=1&origin=https%3A%2F%2Fwww.fela.fr&widgetid=1,affaire/134/bernard-rouhalde-le-mari-la-mafia-la-mamie, 1991,Clermont-Ferrand (63), Ris (63), Royat (63)," Italie

",,,,,,,
"Jacques Hyver, l'aventurier et le PDG",Pipe d'argent - bon épisode,saison 11 épisode 19,"Lieux : Confolens (16), Roumazières (16), Sainte-Orse (24), Forêt de Carnelle (95)

Début de l'affaire : 1980",https://www.youtube.com/embed/oL0t4mBBWPE?enablejsapi=1&origin=https%3A%2F%2Fwww.fela.fr&widgetid=1,affaire/135/jacques-hyver-laventurier-et-le-pdg, 1980,Confolens (16), Roumazières (16), Sainte-Orse (24)," Forêt de Carnelle (95)

",,,,,,,
"Zibha, l'homme du ferry",Pipe d'or - très bon épisode,saison 12 épisode 1,"Lieu : Valence d'Agen (82)

Début de l'affaire : 2007",,affaire/136/zibha-lhomme-du-ferry, 2007,"Valence d'Agen (82)

",,,,,,,,,,
"Poncé Gaudissart, les mystères de Meyrargues",Pipe d'or - très bon épisode,saison 12 épisode 2,"Lieu : Meyrargues (13)

Début de l'affaire : 2003",,affaire/137/ponce-gaudissart-les-mysteres-de-meyrargues, 2003,"Meyrargues (13)

",,,,,,,,,,
"Youssouf Fofana, le cerveau du gang des barbares",Pipe d'or - très bon épisode,saison 12 épisode 3,"Lieux : Paris (75), Bagneux (92), Côte d'Ivoire

Début de l'affaire : 2006",https://www.youtube.com/embed/xsZJF_c1t7c?enablejsapi=1&origin=https%3A%2F%2Fwww.fela.fr&widgetid=1,affaire/138/youssouf-fofana-le-cerveau-du-gang-des-barbares, 2006,Paris (75), Bagneux (92)," Côte d'Ivoire

",,,,,,,,
"Siegler/Moris, retour à la case prison",Pipe d'argent - bon épisode,saison 12 épisode 4,"Lieu : Réguisheim (68)

Début de l'affaire : 2007",,affaire/139/siegler-moris-retour-a-la-case-prison, 2007,"Réguisheim (68)

",,,,,,,,,,
"Michel Ambras, l'homme à la cigarette",Pipe d'argent - bon épisode,saison 12 épisode 5,"Lieu : La Celle-Saint-Cloud (78)

Début de l'affaire : 1996",,affaire/140/michel-ambras-lhomme-a-la-cigarette, 1996,"La Celle-Saint-Cloud (78)

",,,,,,,,,,
"Alain Kernoa, meurtre au Teknival",Pipe d'argent - bon épisode,saison 12 épisode 6,"Lieu : Carnoët (22)

Début de l'affaire : 2005",,affaire/141/alain-kernoa-meurtre-au-teknival, 2005,"Carnoët (22)

",,,,,,,,,,
"Albert Millet, le sanglier des Maures",Pipe d'argent - bon épisode,saison 12 épisode 7,"Lieu : Hyères (83)

Début de l'affaire : 2007",,affaire/142/albert-millet-le-sanglier-des-maures, 2007,"Hyères (83)

",,,,,,,,,,
3 hommes et un magot,Pipe d'argent - bon épisode,saison 12 épisode 8,"Lieu : Nice (06)

Début de l'affaire : 2002",,affaire/143/3-hommes-et-un-magot, 2002,"Nice (06)

",,,,,,,,,,
"Caspar et Beille, crime en haute mer",Pipe d'argent - bon épisode,saison 12 épisode 9,"Lieu : Portugal

Début de l'affaire : 2006",,affaire/144/caspar-et-beille-crime-en-haute-mer, 2006,"Portugal

",,,,,,,,,,
"Claude Nolibé, le calvaire d'un père",Pipe d'argent - bon épisode,saison 12 épisode 10,"Lieu : Clairac (47)

Début de l'affaire : 1991",,affaire/145/claude-nolibe-le-calvaire-dun-pere, 1991,"Clairac (47)

",,,,,,,,,,
"Hugues Pignal, meurtre à la Saint-Sylvestre",Pipe d'argent - bon épisode,saison 12 épisode 11,"Lieu : Brison-Saint-Innocent (73)

Début de l'affaire : 1996",,affaire/146/hugues-pignal-meurtre-a-la-saint-sylvestre, 1996,"Brison-Saint-Innocent (73)

",,,,,,,,,,
"Raoul Becquerel, l'homme qui enlevait les femmes",Pipe d'or - très bon épisode,saison 12 épisode 12,"Lieux : Angoulême (16), Bordeaux (33), Senlis (60)

Début de l'affaire : 2004",https://www.youtube.com/embed/M2NxBDjYFpA?enablejsapi=1&origin=https%3A%2F%2Fwww.fela.fr&widgetid=1,affaire/147/raoul-becquerel-lhomme-qui-enlevait-les-femmes, 2004,Angoulême (16), Bordeaux (33)," Senlis (60)

",,,,,,,,
Duel sous les tropiques,Pipe d'argent - bon épisode,saison 12 épisode 13,"Lieu : Cassis (13)

Début de l'affaire : 2003",,affaire/148/duel-sous-les-tropiques, 2003,"Cassis (13)

",,,,,,,,,,
"Rémy Roy, l'assassin du minitel",Pipe d'or - très bon épisode,saison 12 épisode 14,"Lieux : Paris (75), Draveil (91), Champigny-sur-Marne (94)

Début de l'affaire : 1990",https://www.youtube.com/embed/mKbNfwYvpEI?enablejsapi=1&origin=https%3A%2F%2Fwww.fela.fr&widgetid=1,affaire/149/remy-roy-lassassin-du-minitel, 1990,Paris (75), Draveil (91)," Champigny-sur-Marne (94)

",,,,,,,,
"Jean-Jacques Prévost, le violeur des collèges",Pipe d'or - très bon épisode,saison 12 épisode 15,"Lieux : Aix-en-Provence (13), Marseille (13)

Début de l'affaire : 1999",,affaire/150/jean-jacques-prevost-le-violeur-des-colleges, 1999,Aix-en-Provence (13)," Marseille (13)

",,,,,,,,,
"Jean-Luc Sebin, le forcené de Versailles",Pipe de bronze - épisode moyen,saison 12 épisode 16,"Lieux : Paris (75), Saint-Cyr-l'École (78), Versailles (78)

Début de l'affaire : 1982",https://www.youtube.com/embed/znbkZAfoVqw?enablejsapi=1&origin=https%3A%2F%2Fwww.fela.fr&widgetid=1,affaire/151/jean-luc-sebin-le-forcene-de-versailles, 1982,Paris (75), Saint-Cyr-l'École (78)," Versailles (78)

",,,,,,,,
"Les frères Konhu, le rocher de Kanumera",Pipe d'argent - bon épisode,saison 12 épisode 17,"Lieux : L'île des Pins, Nouvelle-Calédonie (988)

Début de l'affaire : 2002",,affaire/152/les-freres-konhu-le-rocher-de-kanumera, 2002,L'île des Pins," Nouvelle-Calédonie (988)

",,,,,,,,,
"Antonio Ferrara, la grande évasion",Pipe d'argent - bon épisode,saison 12 épisode 18,"Lieux : Paris (75), Nanterre (92), Fresnes (94)

Début de l'affaire : 2003",,affaire/153/antonio-ferrara-la-grande-evasion, 2003,Paris (75), Nanterre (92)," Fresnes (94)

",,,,,,,,
"Joël Deprez, l'homme de trop",Pipe d'argent - bon épisode,saison 12 épisode 19,"Lieu : Éragny (95)

Début de l'affaire : 2000",,affaire/154/joel-deprez-lhomme-de-trop, 2000,"Éragny (95)

",,,,,,,,,,
La seringue du docteur Cosme,Pipe d'argent - bon épisode,saison 12 épisode 20,"Lieu : Nice (06)

Début de l'affaire : 1996",,affaire/155/la-seringue-du-docteur-cosme, 1996,"Nice (06)

",,,,,,,,,,
Poker macabre à Corte,Pipe d'argent - bon épisode,saison 13 épisode 1,"Lieu : Corte (2B)

Début de l'affaire : 2005",https://www.youtube.com/embed/mED00MHAjwQ?enablejsapi=1&origin=https%3A%2F%2Fwww.fela.fr&widgetid=1,affaire/156/poker-macabre-a-corte, 2005,"Corte (2B)

",,,,,,,,,,
"Joseph Messina, mortelle jalousie",Pipe d'argent - bon épisode,saison 13 épisode 2,"Lieu : Le Val (83)

Début de l'affaire : 1993",,affaire/157/joseph-messina-mortelle-jalousie, 1993,"Le Val (83)

",,,,,,,,,,
L'étrange disparition de Nadine Chabert,Pipe de diamant - excellent épisode,saison 13 épisode 3,"Lieu : Fos-sur-Mer (13)

Début de l'affaire : 2003",,affaire/158/letrange-disparition-de-nadine-chabert, 2003,"Fos-sur-Mer (13)

",,,,,,,,,,
"Peter et Aurore, les amants diaboliques",Pipe d'or - très bon épisode,saison 13 épisode 4,"Lieux : Calvi (2B), Belgique

Début de l'affaire : 1992",,affaire/159/peter-et-aurore-les-amants-diaboliques, 1992,Calvi (2B)," Belgique

",,,,,,,,,
"Adeline Piet, la disparue de Cancale",Pipe d'or - très bon épisode,saison 13 épisode 5,"Lieu : La Gouesnières (35)

Début de l'affaire : 2006",,affaire/160/adeline-piet-la-disparue-de-cancale, 2006,"La Gouesnières (35)

",,,,,,,,,,
"Jean-Michel Bissonnet, le mari, le vicomte et le jardinier",Pipe d'or - très bon épisode,saison 13 épisode 6,"Lieu : Castelnau-le-Lez (34)

Début de l'affaire : 2008",,affaire/161/jean-michel-bissonnet-le-mari-le-vicomte-et-le-jardinier, 2008,"Castelnau-le-Lez (34)

",,,,,,,,,,
Le Gang des souris vertes,Pipe d'argent - bon épisode,saison 13 épisode 7,"Lieux : Alboussière (07), Saint-Just-d'Ardèche (07), Chabeuil (26), La Coucourde (26)

Début de l'affaire : 2003",,affaire/162/le-gang-des-souris-vertes, 2003,Alboussière (07), Saint-Just-d'Ardèche (07), Chabeuil (26)," La Coucourde (26)

",,,,,,,
"Suzanne de Canson, l'héritière dépouillée",Pipe d'argent - bon épisode,saison 13 épisode 8,"Lieu : La Garde (83)

Début de l'affaire : 1987",,affaire/163/suzanne-de-canson-lheritiere-depouillee, 1987,"La Garde (83)

",,,,,,,,,,
"Karine Torchi, les démons de la baby-sitter",Pipe d'argent - bon épisode,saison 13 épisode 9,"Lieu : Belley (01)

Début de l'affaire : 2009",,affaire/164/karine-torchi-les-demons-de-la-baby-sitter, 2009,"Belley (01)

",,,,,,,,,,
"Charles Missenard, crime sous perfusion",Pipe d'or - très bon épisode,saison 13 épisode 10,"Lieu : Luxembourg

Début de l'affaire : 1999",,affaire/165/charles-missenard-crime-sous-perfusion, 1999,"Luxembourg

",,,,,,,,,,
"Henri Pacchioni, pour les yeux d'Émilie",Pipe d'argent - bon épisode,saison 13 épisode 11,"Lieu : Marignane (13)

Début de l'affaire : 1989",,affaire/166/henri-pacchioni-pour-les-yeux-demilie, 1989,"Marignane (13)

",,,,,,,,,,
"Rodica Negroiu, l'empoisonneuse de Maxéville",Pipe d'argent - bon épisode,saison 13 épisode 12,"Lieux : Vandoeuvre (54), Custines (54)

Début de l'affaire : 1990",,affaire/167/rodica-negroiu-lempoisonneuse-de-maxeville, 1990,Vandoeuvre (54)," Custines (54)

",,,,,,,,,
"Patrick Littorie, les crimes de la mangrove",Pipe d'argent - bon épisode,saison 13 épisode 13,"Lieu : Le Robert (972)

Début de l'affaire : 2004",,affaire/168/patrick-littorie-les-crimes-de-la-mangrove, 2004,"Le Robert (972)

",,,,,,,,,,
Sur la trace de David Missé Toubé,Pipe d'argent - bon épisode,saison 13 épisode 14,"Lieu : Montpellier (34)

Début de l'affaire : 1993",,affaire/169/sur-la-trace-de-david-misse-toube, 1993,"Montpellier (34)

",,,,,,,,,,
"François Légeret, Noël tragique à Vevey",Pipe d'argent - bon épisode,saison 13 épisode 15,"Lieu : Suisse

Début de l'affaire : 2006",,affaire/170/francois-legeret-noel-tragique-a-vevey, 2006,"Suisse

",,,,,,,,,,
"Robert Lund, le mystère du lac",Pipe d'argent - bon épisode,saison 13 épisode 16,"Lieu : Rayssac (81)

Début de l'affaire : 1999",,affaire/171/robert-lund-le-mystere-du-lac, 1999,"Rayssac (81)

",,,,,,,,,,
"Emmanuel Rist, la haine au coeur",Pipe d'argent - bon épisode,saison 13 épisode 17,"Lieux : Herrlisheim (67), Gundolsheim (68), Rouffach (68)

Début de l'affaire : 2001",,affaire/172/emmanuel-rist-la-haine-au-coeur, 2001,Herrlisheim (67), Gundolsheim (68)," Rouffach (68)

",,,,,,,,
"Robert Lé-Dinh, le Saint élu et ses adeptes",Pipe d'argent - bon épisode,saison 14 épisode 1,"Lieux : Bonac-Irazein (09), Agen (47)

Début de l'affaire : 2007",,affaire/173/robert-le-dinh-le-saint-elu-et-ses-adeptes, 2007,Bonac-Irazein (09)," Agen (47)

",,,,,,,,,
"Sophie Berkmans, le meurtre de la rhumatologue",Pipe d'argent - bon épisode,saison 14 épisode 2,"Lieu : Valenciennes (59)

Début de l'affaire : 2002",https://www.youtube.com/embed/YDfT70rj-T0?enablejsapi=1&origin=https%3A%2F%2Fwww.fela.fr&widgetid=1,affaire/174/sophie-berkmans-le-meurtre-de-la-rhumatologue, 2002,"Valenciennes (59)

",,,,,,,,,,
"Marc Machin, les meurtres du Pont de Neuilly",Pipe d'argent - bon épisode,saison 14 épisode 3,"Lieu : Neuilly-sur-Seine (92)

Début de l'affaire : 2001",,affaire/175/marc-machin-les-meurtres-du-pont-de-neuilly, 2001,"Neuilly-sur-Seine (92)

",,,,,,,,,,
"Xavier Philippe, associé de malheur",Pipe d'or - très bon épisode,saison 14 épisode 4,"Lieux : Paris (75), Sucy-en-Brie (94)

Début de l'affaire : 2005",,affaire/176/xavier-philippe-associe-de-malheur, 2005,Paris (75)," Sucy-en-Brie (94)

",,,,,,,,,
"Francis Evrard, l'enlèvement d'Enis",Pipe d'or - très bon épisode,saison 14 épisode 5,"Lieu : Roubaix (59)

Début de l'affaire : 2007",,affaire/177/francis-evrard-lenlevement-denis, 2007,"Roubaix (59)

",,,,,,,,,,
Les mensonges de Denize Soares,Pipe d'argent - bon épisode,saison 14 épisode 6,"Lieux : Grenoble (38), Brésil

Début de l'affaire : 2005",,affaire/178/les-mensonges-de-denize-soares, 2005,Grenoble (38)," Brésil

",,,,,,,,,
"Luc Amblard et Guy Bordenave, enterrés vivants",Pipe de bronze - épisode moyen,saison 14 épisode 7,"Lieu : Couy (18)

Début de l'affaire : 2009",https://www.youtube.com/embed/rhtsLYsueZo?enablejsapi=1&origin=https%3A%2F%2Fwww.fela.fr&widgetid=1,affaire/179/luc-amblard-et-guy-bordenave-enterres-vivants, 2009,"Couy (18)

",,,,,,,,,,
"Jennifer Charron, rendez-vous avec le diable",Pipe d'argent - bon épisode,saison 14 épisode 8,"Lieu : Saint-Sulpice-de-Royan (17)

Début de l'affaire : 2009",,affaire/180/jennifer-charron-rendez-vous-avec-le-diable, 2009,"Saint-Sulpice-de-Royan (17)

",,,,,,,,,,
"Éric Bruyas, la tuerie de Saint-Andéol",Pipe d'or - très bon épisode,saison 14 épisode 9,"Lieu : Saint-Andéol-le-Château (69)

Début de l'affaire : 1995",,affaire/181/eric-bruyas-la-tuerie-de-saint-andeol, 1995,"Saint-Andéol-le-Château (69)

",,,,,,,,,,
Sur la piste de Salaün et Pallatin,Pipe d'or - très bon épisode,saison 14 épisode 10,"Lieux : La Ferté-Bernard (72), Thonon-les-Bains (74)

Début de l'affaire : 1995",,affaire/182/sur-la-piste-de-salaun-et-pallatin, 1995,La Ferté-Bernard (72)," Thonon-les-Bains (74)

",,,,,,,,,
"Philippe Rivet, l'ambition mortelle",Pipe d'argent - bon épisode,saison 14 épisode 11,"Lieux : La Baule (44), L'Étang-la-Ville (78)

Début de l'affaire : 1995",https://www.youtube.com/embed/-b7avPFuSso?enablejsapi=1&origin=https%3A%2F%2Fwww.fela.fr&widgetid=1,affaire/183/philippe-rivet-lambition-mortelle, 1995,La Baule (44)," L'Étang-la-Ville (78)

",,,,,,,,,
"Ulrich Muenstermann, l'homme qui avait peur des femmes",Pipe de diamant - excellent épisode,saison 14 épisode 12,"Lieux : Avallon (89), Allemagne

Début de l'affaire : 1989",,affaire/184/ulrich-muenstermann-lhomme-qui-avait-peur-des-femmes, 1989,Avallon (89)," Allemagne

",,,,,,,,,
"Anne-Marie Le Couviour, la mort en héritage",Pipe d'or - très bon épisode,saison 14 épisode 13,"Lieu : Grand-Champ (56)

Début de l'affaire : 2009",,affaire/185/anne-marie-le-couviour-la-mort-en-heritage, 2009,"Grand-Champ (56)

",,,,,,,,,,
Affaires de femmes,Pipe d'or - très bon épisode,saison 14 épisode 14,"Lieu : Coulogne (62)

Début de l'affaire : 2003",,affaire/186/affaires-de-femmes, 2003,"Coulogne (62)

",,,,,,,,,,
La tuerie de Monfort,Pipe d'or - très bon épisode,saison 14 épisode 15,"Lieu : Monfort (32)

Début de l'affaire : 1999",,affaire/187/la-tuerie-de-monfort, 1999,"Monfort (32)

",,,,,,,,,,
Un homme à abattre,Pipe d'argent - bon épisode,saison 14 épisode 16,"Lieu : L'Aigle (61)

Début de l'affaire : 2010",https://www.youtube.com/embed/USGT_Qqcl4w?enablejsapi=1&origin=https%3A%2F%2Fwww.fela.fr&widgetid=1,affaire/188/un-homme-a-abattre, 2010,"L'Aigle (61)

",,,,,,,,,,
"Jean-Étienne Subercaze, le diabolique",Pipe d'argent - bon épisode,saison 14 épisode 17,"Lieux : Ondres (40), Bayonne (64)

Début de l'affaire : 1992",,affaire/189/jean-etienne-subercaze-le-diabolique, 1992,Ondres (40)," Bayonne (64)

",,,,,,,,,
La voix de Laurent,Pipe d'argent - bon épisode,saison 14 épisode 18,"Lieux : Agen (47), Artigues (47)

Début de l'affaire : 1998",https://www.youtube.com/embed/l0nATGmjiR0?enablejsapi=1&origin=https%3A%2F%2Fwww.fela.fr&widgetid=1,affaire/190/la-voix-de-laurent, 1998,Agen (47)," Artigues (47)

",,,,,,,,,
Les petites économies de Claude Clément,Pipe d'argent - bon épisode,saison 14 épisode 19,"Lieu : Nailloux (31)

Début de l'affaire : 2004",,affaire/191/les-petites-economies-de-claude-clement, 2004,"Nailloux (31)

",,,,,,,,,,
Guet-apens au haras,Pipe de bronze - épisode moyen,saison 14 épisode 20,"Lieu : Fréjus (83)

Début de l'affaire : 2003",https://www.youtube.com/embed/35uzpVEsyrY?enablejsapi=1&origin=https%3A%2F%2Fwww.fela.fr&widgetid=1,affaire/192/guet-apens-au-haras, 2003,"Fréjus (83)

",,,,,,,,,,
"Christophe Khider, l'évasion pour obsession",Pipe d'argent - bon épisode,saison 15 épisode 1,"Lieux : Yzeure (03), Paris (75), Fresnes (94)

Début de l'affaire : 1995",,affaire/193/christophe-khider-levasion-pour-obsession, 1995,Yzeure (03), Paris (75)," Fresnes (94)

",,,,,,,,
La disparition de Christophe Dalmasso,Pipe d'argent - bon épisode,saison 15 épisode 2,"Lieu : Nice (06)

Début de l'affaire : 2003",,affaire/194/la-disparition-de-christophe-dalmasso, 2003,"Nice (06)

",,,,,,,,,,
"Gilles Andruet, échecs et mort",Pipe d'or - très bon épisode,saison 15 épisode 3,"Lieu : Saulx-les-Chartreux (91)

Début de l'affaire : 1995",,affaire/195/gilles-andruet-echecs-et-mort, 1995,"Saulx-les-Chartreux (91)

",,,,,,,,,,
Muller contre Muller,Pipe d'or - très bon épisode,saison 15 épisode 4,"Lieu : Ingwiller (67)

Début de l'affaire : 1999",,affaire/196/muller-contre-muller, 1999,"Ingwiller (67)

",,,,,,,,,,
"Chantal Ternik, variations sur un suicide",Pipe de bronze - épisode moyen,saison 15 épisode 5,"Lieu : Sanary-sur-Mer (83)

Début de l'affaire : 2003",,affaire/197/chantal-ternik-variations-sur-un-suicide, 2003,"Sanary-sur-Mer (83)

",,,,,,,,,,
"Thierry Saman, le concierge qui en savait trop",Pipe d'argent - bon épisode,saison 15 épisode 6,"Lieux : Saint-Leu-d'Esserent (60), Paris (75)

Début de l'affaire : 2003",,affaire/198/thierry-saman-le-concierge-qui-en-savait-trop, 2003,Saint-Leu-d'Esserent (60)," Paris (75)

",,,,,,,,,
"Patrice Alègre, le sang et la rumeur",Pipe d'or - très bon épisode,saison 15 épisode 7,"Lieux : Verdun (09), Saint-Geniès-Bellevue (31), Toulouse (31), Paris (75)

Début de l'affaire : 1997",https://www.youtube.com/embed/Y_IjJ-CcNrM?enablejsapi=1&origin=https%3A%2F%2Fwww.fela.fr&widgetid=1,affaire/199/patrice-alegre-le-sang-et-la-rumeur, 1997,Verdun (09), Saint-Geniès-Bellevue (31), Toulouse (31)," Paris (75)

",,,,,,,
"Juliano Verbard, petit lys d'amour",Pipe de bronze - épisode moyen,saison 15 épisode 8,"Lieu : La Réunion (974)

Début de l'affaire : 2009",https://www.youtube.com/embed/ikeLJpUOACY?enablejsapi=1&origin=https%3A%2F%2Fwww.fela.fr&widgetid=1,affaire/200/juliano-verbard-petit-lys-damour, 2009,"La Réunion (974)

",,,,,,,,,,
"Gilles de Vallière, l'assassin aux cordelettes",Pipe d'or - très bon épisode,saison 15 épisode 9,"Lieu : Annemasse (74)

Début de l'affaire : 1985",https://www.youtube.com/embed/CsEoV5uKpTs?enablejsapi=1&origin=https%3A%2F%2Fwww.fela.fr&widgetid=1,affaire/201/gilles-de-valliere-lassassin-aux-cordelettes, 1985,"Annemasse (74)

",,,,,,,,,,
"André Bamberski, promesse à Kalinka",Pipe d'or - très bon épisode,saison 15 épisode 10,"Lieux : Mulhouse (68), Allemagne

Début de l'affaire : 1982",https://www.youtube.com/embed/FD2c9mfcjYA?enablejsapi=1&origin=https%3A%2F%2Fwww.fela.fr&widgetid=1,affaire/202/andre-bamberski-promesse-a-kalinka, 1982,Mulhouse (68)," Allemagne

",,,,,,,,,
"Liliane Paolone, la belle de jour",Pipe d'argent - bon épisode,saison 15 épisode 11,"Lieu : Saint-Louis (68)

Début de l'affaire : 2005",,affaire/203/liliane-paolone-la-belle-de-jour, 2005,"Saint-Louis (68)

",,,,,,,,,,
L'inconnu du puits,Pipe d'argent - bon épisode,saison 15 épisode 12,"Lieux : Sérignan (34), Avignon (84)

Début de l'affaire : 2003",,affaire/204/linconnu-du-puits, 2003,Sérignan (34)," Avignon (84)

",,,,,,,,,
"Bruno Sulak, le charme au poing",Pipe d'argent - bon épisode,saison 15 épisode 13,"Lieux : Cannes (06), Montpellier (34), Paris (75), Albi (81), Fleury-Mérogis (91)

Début de l'affaire : 1978",,affaire/205/bruno-sulak-le-charme-au-poing, 1978,Cannes (06), Montpellier (34), Paris (75), Albi (81)," Fleury-Mérogis (91)

",,,,,,
Le magot de Marcelle Bouvard,Pipe de bronze - épisode moyen,saison 15 épisode 14,"Lieu : Ladoix-Serrigny (21)

Début de l'affaire : 2006",,affaire/206/le-magot-de-marcelle-bouvard, 2006,"Ladoix-Serrigny (21)

",,,,,,,,,,
"John Szablewski, du mensonge au meutre",Pipe de bronze - épisode moyen,saison 15 épisode 15,"Lieu : Farbus (62)

Début de l'affaire : 2007",,affaire/207/john-szablewski-du-mensonge-au-meutre, 2007,"Farbus (62)

",,,,,,,,,,
La métamorphose de Christine Constantien,Pipe d'or - très bon épisode,saison 15 épisode 16,"Lieu : Amnéville (57)

Début de l'affaire : 2008",https://www.youtube.com/embed/lP9cMC9bnug?enablejsapi=1&origin=https%3A%2F%2Fwww.fela.fr&widgetid=1,affaire/208/la-metamorphose-de-christine-constantien, 2008,"Amnéville (57)

",,,,,,,,,,
"Yvan Colonna, la traque",Pipe d'argent - bon épisode,saison 16 épisode 1,"Lieu : Ajaccio (2A)

Début de l'affaire : 1998",https://www.youtube.com/embed/aN6QRnu0CuY?enablejsapi=1&origin=https%3A%2F%2Fwww.fela.fr&widgetid=1,affaire/209/yvan-colonna-la-traque, 1998,"Ajaccio (2A)

",,,,,,,,,,
Divorce à la sicilienne,Pipe de bronze - épisode moyen,saison 16 épisode 2,"Lieu : Sardieu (38)

Début de l'affaire : 1999",https://www.youtube.com/embed/ohVIuH2Uri4?enablejsapi=1&origin=https%3A%2F%2Fwww.fela.fr&widgetid=1,affaire/210/divorce-a-la-sicilienne, 1999,"Sardieu (38)

",,,,,,,,,,
"Denis Lemasson, le comptable machiavélique",Pipe d'or - très bon épisode,saison 16 épisode 3,"Lieux : Ville-la-Grand (74), Suisse

Début de l'affaire : 2002",,affaire/211/denis-lemasson-le-comptable-machiavelique, 2002,Ville-la-Grand (74)," Suisse

",,,,,,,,,
"VA/OM, Tapie, le proc et les menteurs",Pipe d'argent - bon épisode,saison 16 épisode 4,"Lieu : Valenciennes (59)

Début de l'affaire : 1993",https://www.youtube.com/embed/I_UnSA1mt48?enablejsapi=1&origin=https%3A%2F%2Fwww.fela.fr&widgetid=1,affaire/212/va-om-tapie-le-proc-et-les-menteurs, 1993,"Valenciennes (59)

",,,,,,,,,,
"Philippe Gletty, liaisons fatales",Pipe de diamant - excellent épisode,saison 16 épisode 5,"Lieu : Saint-Paul-en-Jarez (42)

Début de l'affaire : 2012",https://www.youtube.com/embed/cpsF6wgljaw?enablejsapi=1&origin=https%3A%2F%2Fwww.fela.fr&widgetid=1,affaire/213/philippe-gletty-liaisons-fatales, 2012,"Saint-Paul-en-Jarez (42)

",,,,,,,,,,
"Farid Tir, le solitaire",Pipe d'argent - bon épisode,saison 16 épisode 6,"Lieu : Lille (59)

Début de l'affaire : 2001",,affaire/214/farid-tir-le-solitaire, 2001,"Lille (59)

",,,,,,,,,,
"Didier Lacote, la dose mortelle",Pipe de bronze - épisode moyen,saison 16 épisode 7,"Lieu : Dompierre-sur-Besbre (03)

Début de l'affaire : 2009",https://www.youtube.com/embed/0Gvk5V5I5hc?enablejsapi=1&origin=https%3A%2F%2Fwww.fela.fr&widgetid=1,affaire/215/didier-lacote-la-dose-mortelle, 2009,"Dompierre-sur-Besbre (03)

",,,,,,,,,,
Le crime fou de Stéphane Moitoiret,Pipe d'argent - bon épisode,saison 16 épisode 8,"Lieu : Lagnieu (01)

Début de l'affaire : 2008",https://www.youtube.com/embed/Z9uriN5C9go?enablejsapi=1&origin=https%3A%2F%2Fwww.fela.fr&widgetid=1,affaire/216/le-crime-fou-de-stephane-moitoiret, 2008,"Lagnieu (01)

",,,,,,,,,,
Combat pour Angélique,Pipe d'argent - bon épisode,saison 16 épisode 9,"Lieu : Compiègne (60)

Début de l'affaire : 1996",https://www.youtube.com/embed/UDE8qa4T35k?enablejsapi=1&origin=https%3A%2F%2Fwww.fela.fr&widgetid=1,affaire/217/combat-pour-angelique, 1996,"Compiègne (60)

",,,,,,,,,,
Le mystère de Hassel,Pipe de diamant - excellent épisode,saison 16 épisode 10,"Lieu : Luxembourg

Début de l'affaire : 2010",https://www.youtube.com/embed/q-emMIhG4yw?enablejsapi=1&origin=https%3A%2F%2Fwww.fela.fr&widgetid=1,affaire/218/le-mystere-de-hassel, 2010,"Luxembourg

",,,,,,,,,,
"Jeanette O'Keefe, la mort au rendez-vous",Pipe d'or - très bon épisode,saison 16 épisode 11,"Lieu : Les Mureaux (78)

Début de l'affaire : 2001",https://www.youtube.com/embed/cgmzC9RQjzo?enablejsapi=1&origin=https%3A%2F%2Fwww.fela.fr&widgetid=1,affaire/219/jeanette-okeefe-la-mort-au-rendez-vous, 2001,"Les Mureaux (78)

",,,,,,,,,,
Nuit tragique au moulin,Pipe de diamant - excellent épisode,saison 16 épisode 12,"Lieu : Suisse

Début de l'affaire : 2010",,affaire/220/nuit-tragique-au-moulin, 2010,"Suisse

",,,,,,,,,,
Vengeance au pays des motards,Pipe d'or - très bon épisode,saison 16 épisode 13,"Lieux : Arras-sur-Rhône (07), Vernosc-lès-Annonay (07), Anneyron (26), Gervans (26)

Début de l'affaire : 2003",,affaire/221/vengeance-au-pays-des-motards, 2003,Arras-sur-Rhône (07), Vernosc-lès-Annonay (07), Anneyron (26)," Gervans (26)

",,,,,,,
"Bruay-en-Artois, le notaire et le petit juge",Pipe d'argent - bon épisode,saison 17 épisode 1,"Lieu : Bruay-la-Buissière (62)

Début de l'affaire : 1972",,affaire/222/bruay-en-artois-le-notaire-et-le-petit-juge, 1972,"Bruay-la-Buissière (62)

",,,,,,,,,,
"Lassana  Coulibaly, le violeur aux chaussettes",Pipe d'or - très bon épisode,saison 17 épisode 2,"Lieux : Vichy (03), Montpellier (34), Clermont-Ferrand (63), Aulnay-sous-Bois (93)

Début de l'affaire : 2003",,affaire/223/lassana-coulibaly-le-violeur-aux-chaussettes, 2003,Vichy (03), Montpellier (34), Clermont-Ferrand (63)," Aulnay-sous-Bois (93)

",,,,,,,
"Luka Rocco Magnotta, le dépeceur de Montréal",Pipe d'or - très bon épisode,saison 17 épisode 3,"Lieux : Allemagne, Canada

Début de l'affaire : 2012",,affaire/224/luka-rocco-magnotta-le-depeceur-de-montreal, 2012,Allemagne," Canada

",,,,,,,,,
"Agnès Marin, la mort au collège",Pipe d'or - très bon épisode,saison 17 épisode 4,"Lieu : Le Chambon-sur-Lignon (43)

Début de l'affaire : 2011",,affaire/225/agnes-marin-la-mort-au-college, 2011,"Le Chambon-sur-Lignon (43)

",,,,,,,,,,
"Amanda Knox, ange ou démon ?",Pipe d'or - très bon épisode,saison 17 épisode 5,"Lieu : Italie

Début de l'affaire : 2007",,affaire/226/amanda-knox-ange-ou-demon, 2007,"Italie

",,,,,,,,,,
"Tony Meilhon, la mauvaise rencontre de Laëtitia",Pipe d'or - très bon épisode,saison 18 épisode 1,"Lieux : La Bernerie-en-Retz (44), Pornic (44)

Début de l'affaire : 2011",,affaire/227/tony-meilhon-la-mauvaise-rencontre-de-laetitia, 2011,La Bernerie-en-Retz (44)," Pornic (44)

",,,,,,,,,
"Dominique Aubry, le mystère de la péniche",Pipe d'argent - bon épisode,saison 18 épisode 2,"Lieu : Neuilly-sur-Seine (92)

Début de l'affaire : 2005",,affaire/228/dominique-aubry-le-mystere-de-la-peniche, 2005,"Neuilly-sur-Seine (92)

",,,,,,,,,,
"Sylviane Fabre, la colère d'une femme blessée",Pipe d'argent - bon épisode,saison 18 épisode 3,"Lieu : Lorgues (83)

Début de l'affaire : 2011",,affaire/229/sylviane-fabre-la-colere-dune-femme-blessee, 2011,"Lorgues (83)

",,,,,,,,,,
"Sylvain Schrutt, un gendre insoupçonnable",Pipe d'argent - bon épisode,saison 18 épisode 4,"Lieu : Volesvres (71)

Début de l'affaire : 2010",,affaire/230/sylvain-schrutt-un-gendre-insoupconnable, 2010,"Volesvres (71)

",,,,,,,,,,
"Bruno Cholet, le faux taxi",Pipe de diamant - excellent épisode,saison 18 épisode 5,"Lieux : Avilly-Saint-Léonard (60), Paris (75)

Début de l'affaire : 2008",,affaire/231/bruno-cholet-le-faux-taxi, 2008,Avilly-Saint-Léonard (60)," Paris (75)

",,,,,,,,,
"Steven Daubioul, le tueur du 20 juin",Pipe d'argent - bon épisode,saison 18 épisode 6,"Lieu : Belgique

Début de l'affaire : 2005",,affaire/232/steven-daubioul-le-tueur-du-20-juin, 2005,"Belgique

",,,,,,,,,,
Un couple presque parfait,Pipe de diamant - excellent épisode,saison 18 épisode 7,"Lieu : Humbercourt (80)

Début de l'affaire : 2005",,affaire/233/un-couple-presque-parfait, 2005,"Humbercourt (80)

",,,,,,,,,,
"Laurent Bary, la femme du volailler",Pipe d'or - très bon épisode,saison 18 épisode 8,"Lieu : Arconcey (21)

Début de l'affaire : 2004",,affaire/234/laurent-bary-la-femme-du-volailler, 2004,"Arconcey (21)

",,,,,,,,,,
Trahison sanglante,Pipe d'or - très bon épisode,saison 19 épisode 1,"Lieu : Vritz (44)

Début de l'affaire : 2013",,affaire/235/trahison-sanglante, 2013,"Vritz (44)

",,,,,,,,,,
"Yoni Palmier, le tueur de l'Essonne",Pipe d'or - très bon épisode,saison 19 épisode 2,"Lieux : Grigny (91), Juvisy-sur-Orge (91), Ris-Orangis (91)

Début de l'affaire : 2011",,affaire/236/yoni-palmier-le-tueur-de-lessonne, 2011,Grigny (91), Juvisy-sur-Orge (91)," Ris-Orangis (91)

",,,,,,,,
"Alain Berruet, l'obsession de la vengeance",Pipe d'argent - bon épisode,saison 20 épisode 1,"Lieu : Chérence (95)

Début de l'affaire : 2012",,affaire/237/alain-berruet-lobsession-de-la-vengeance, 2012,"Chérence (95)

",,,,,,,,,,
"Nicolas Charbonnier, l'étrangleur de Strasbourg",Pipe d'or - très bon épisode,saison 20 épisode 2,"Lieu : Strasbourg (67)

Début de l'affaire : 1986",https://www.youtube.com/embed/NSRFUChDrX0?enablejsapi=1&origin=https%3A%2F%2Fwww.fela.fr&widgetid=1,affaire/238/nicolas-charbonnier-letrangleur-de-strasbourg, 1986,"Strasbourg (67)

",,,,,,,,,,
"Raphaël Maillant, mensonges et trahison",Pipe d'argent - bon épisode,saison 20 épisode 3,"Lieux : La Rochelle (17), Thaon-les-Vosges (88)

Début de l'affaire : 1991",https://www.youtube.com/embed/MXTtcd96-YI?enablejsapi=1&origin=https%3A%2F%2Fwww.fela.fr&widgetid=1,affaire/239/raphael-maillant-mensonges-et-trahison, 1991,La Rochelle (17)," Thaon-les-Vosges (88)

",,,,,,,,,
"David Lefèvre, le tueur des marais",Pipe d'argent - bon épisode,saison 20 épisode 4,"Lieu : Amiens (80)

Début de l'affaire : 2011",,affaire/240/david-lefevre-le-tueur-des-marais, 2011,"Amiens (80)

",,,,,,,,,,
"Sébastien Malinge, le meurtrier au tournevis",Pipe d'argent - bon épisode,saison 20 épisode 5,"Lieu : Avignon (84)

Début de l'affaire : 2010",,affaire/241/sebastien-malinge-le-meurtrier-au-tournevis, 2010,"Avignon (84)

",,,,,,,,,,
"Roselyne Lejard, plutôt veuve que divorcée",Pipe d'argent - bon épisode,saison 20 épisode 6,"Lieu : Rognonas (13)

Début de l'affaire : 2010",,affaire/242/roselyne-lejard-plutot-veuve-que-divorcee, 2010,"Rognonas (13)

",,,,,,,,,,
"Mohamed Faleh, le tueur à la hache",Pipe d'argent - bon épisode,saison 20 épisode 7,"Lieux : Audincourt (25), Belfort (90)

Début de l'affaire : 1995",,affaire/243/mohamed-faleh-le-tueur-a-la-hache, 1995,Audincourt (25)," Belfort (90)

",,,,,,,,,
Le combat de Marie-Rose,Pipe d'or - très bon épisode,saison 21 épisode 1,"Lieu : Blanzy (71)

Début de l'affaire : 1996",https://www.youtube.com/embed/9G3_OPzbS9Y?enablejsapi=1&origin=https%3A%2F%2Fwww.fela.fr&widgetid=1,affaire/244/le-combat-de-marie-rose, 1996,"Blanzy (71)

",,,,,,,,,,
"Meurtre à la ""Breaking Bad""",Pipe d'argent - bon épisode,saison 21 épisode 2,"Lieu : Toulouse (31)

Début de l'affaire : 2015",https://www.youtube.com/embed/-ARuY09nwz0?enablejsapi=1&origin=https%3A%2F%2Fwww.fela.fr&widgetid=1,affaire/245/meurtre-a-la-breaking-bad, 2015,"Toulouse (31)

",,,,,,,,,,
Vaudeville macabre à Chambéry,Pipe de bronze - épisode moyen,saison 21 épisode 3,"Lieux : Carry-le-Rouet (13), Chambéry (73)

Début de l'affaire : 2012",https://www.youtube.com/embed/i6lI7OEeFsI?enablejsapi=1&origin=https%3A%2F%2Fwww.fela.fr&widgetid=1,affaire/246/vaudeville-macabre-a-chambery, 2012,Carry-le-Rouet (13)," Chambéry (73)

",,,,,,,,,
La veuve noire de l'Isère,Pipe d'argent - bon épisode,saison 21 épisode 4,"Lieu : Villard-Bonnot (38)

Début de l'affaire : 2008",https://www.youtube.com/embed/ymmFjEyOIpk?enablejsapi=1&origin=https%3A%2F%2Fwww.fela.fr&widgetid=1,affaire/247/la-veuve-noire-de-lisere, 2008,"Villard-Bonnot (38)

",,,,,,,,,,
Le tueur de la gare de Perpignan,Pipe d'or - très bon épisode,saison 21 épisode 5,"Lieu : Perpignan (66)

Début de l'affaire : 1997",https://www.youtube.com/embed/OYWkUNGvipw?enablejsapi=1&origin=https%3A%2F%2Fwww.fela.fr&widgetid=1,affaire/248/le-tueur-de-la-gare-de-perpignan, 1997,"Perpignan (66)

",,,,,,,,,,
Le chevalier noir,Pipe d'argent - bon épisode,saison 21 épisode 6,"Lieux : Magny-les-Hameaux (78), Montigny-le-Bretonneux (78)

Début de l'affaire : 2007",https://www.youtube.com/embed/c2kNRfjW4OA?enablejsapi=1&origin=https%3A%2F%2Fwww.fela.fr&widgetid=1,affaire/249/le-chevalier-noir, 2007,Magny-les-Hameaux (78)," Montigny-le-Bretonneux (78)

",,,,,,,,,
"Arnaud Hopfner, le violeur de la RN4",Pipe d'argent - bon épisode,saison 22 épisode 1,"Lieux : Frouard (54), Hudiviller (54), Laxou (54), Vandœuvre-lès-Nancy (54), Villers-lès-Nancy (54), Villey-Saint-Étienne (54), Fains-Véel (55), Ligny-en-Barrois (55), Revigny-sur-Ornain (55), Saint-Mihiel (55), Luxembourg

Début de l'affaire : 2009",,affaire/250/arnaud-hopfner-le-violeur-de-la-rn4, 2009,Frouard (54), Hudiviller (54), Laxou (54), Vandœuvre-lès-Nancy (54), Villers-lès-Nancy (54), Villey-Saint-Étienne (54), Fains-Véel (55), Ligny-en-Barrois (55), Revigny-sur-Ornain (55), Saint-Mihiel (55)," Luxembourg

"
"Patrick Salameh, le Jack l’Éventreur de Marseille",Pipe d'or - très bon épisode,saison 22 épisode 2,"Lieu : Marseille (13)

Début de l'affaire : 2008",https://www.youtube.com/embed/_NbZktDjNrI?enablejsapi=1&origin=https%3A%2F%2Fwww.fela.fr&widgetid=1,affaire/251/patrick-salameh-le-jack-leventreur-de-marseille, 2008,"Marseille (13)

",,,,,,,,,,
"Fabienne Kabou, l'infanticide de Berck",Pipe de bronze - épisode moyen,saison 22 épisode 3,"Lieu : Berck (62)

Début de l'affaire : 2013",https://www.youtube.com/embed/72CgDMc9eWM?enablejsapi=1&origin=https%3A%2F%2Fwww.fela.fr&widgetid=1,affaire/252/fabienne-kabou-linfanticide-de-berck, 2013,"Berck (62)

",,,,,,,,,,
"Mohamed Merah, la traque",Pipe d'or - très bon épisode,saison 22 épisode 4,"Lieux : Toulouse (31), Montauban (82)

Début de l'affaire : 2012",https://www.youtube.com/embed/rCKDTnL93cA?enablejsapi=1&origin=https%3A%2F%2Fwww.fela.fr&widgetid=1,affaire/253/mohamed-merah-la-traque, 2012,Toulouse (31)," Montauban (82)

",,,,,,,,,
"Jonathann Daval, la trahison du gendre idéal",Pipe d'argent - bon épisode,saison 22 épisode 5,"Lieu : Gray-la-Ville (70)

Début de l'affaire : 2017",https://www.youtube.com/embed/6H0XwpXTt1Q?enablejsapi=1&origin=https%3A%2F%2Fwww.fela.fr&widgetid=1,affaire/254/jonathann-daval-la-trahison-du-gendre-ideal, 2017,"Gray-la-Ville (70)

",,,,,,,,,,
"François Darcy, la balle dans le dos",Pipe d'or - très bon épisode,saison 22 épisode 6,"Lieu : Saint-Lambert (78)

Début de l'affaire : 2012",https://www.youtube.com/embed/5owjr4cBNFk?enablejsapi=1&origin=https%3A%2F%2Fwww.fela.fr&widgetid=1,affaire/255/francois-darcy-la-balle-dans-le-dos, 2012,"Saint-Lambert (78)

",,,,,,,,,,
"Jamel Leulmi, le Barbe-Bleue de l'Essonne",Pipe de diamant - excellent épisode,saison 22 épisode 7,"Lieux : Leudeville (91), Maroc

Début de l'affaire : 2007",https://www.youtube.com/embed/7NvMvRTsYt4?enablejsapi=1&origin=https%3A%2F%2Fwww.fela.fr&widgetid=1,affaire/256/jamel-leulmi-le-barbe-bleue-de-lessonne, 2007,Leudeville (91)," Maroc

",,,,,,,,,
"Jean-Pierre Mura, lame fatale",Pipe d'argent - bon épisode,saison 22 épisode 8,"Lieu : Le Creusot (71)

Début de l'affaire : 1986",https://www.youtube.com/embed/XvizXyIeHVc?enablejsapi=1&origin=https%3A%2F%2Fwww.fela.fr&widgetid=1,affaire/257/jean-pierre-mura-lame-fatale, 1986,"Le Creusot (71)

",,,,,,,,,,
Obsession sur les Troadec,Pipe d'or - très bon épisode,saison 23 épisode 1,"Lieu : Orvault (44)

Début de l'affaire : 2017",https://www.youtube.com/embed/FgL9ddudujI?enablejsapi=1&origin=https%3A%2F%2Fwww.fela.fr&widgetid=1,affaire/258/obsession-sur-les-troadec, 2017,"Orvault (44)

",,,,,,,,,,
"Aurélien Pioger, la mort dans les vignes",Pipe d'or - très bon épisode,saison 23 épisode 2,"Lieu : Saint-Lambert-du-Lattay (49)

Début de l'affaire : 2008",https://www.youtube.com/embed/2GsV5Nvi5Wg?enablejsapi=1&origin=https%3A%2F%2Fwww.fela.fr&widgetid=1,affaire/259/aurelien-pioger-la-mort-dans-les-vignes, 2008,"Saint-Lambert-du-Lattay (49)

",,,,,,,,,,
"Sophie Masala, la démembreuse du canal",Pipe de bronze - épisode moyen,saison 23 épisode 3,"Lieu : Toulouse (31)

Début de l'affaire : 2016",https://www.youtube.com/embed/2d_h48wMtpQ?enablejsapi=1&origin=https%3A%2F%2Fwww.fela.fr&widgetid=1,affaire/260/sophie-masala-la-demembreuse-du-canal, 2016,"Toulouse (31)

",,,,,,,,,,
Le crime inavouable de Sylvain Dromard,Pipe d'argent - bon épisode,saison 23 épisode 4,"Lieu : Saint-Martin d'Ablois (51)

Début de l'affaire : 2010",https://www.youtube.com/embed/-Oj58Hy0PSg?enablejsapi=1&origin=https%3A%2F%2Fwww.fela.fr&widgetid=1,affaire/261/le-crime-inavouable-de-sylvain-dromard, 2010,"Saint-Martin d'Ablois (51)

",,,,,,,,,,
"Philippe Gillet, le taureau des Ardennes",Pipe d'or - très bon épisode,saison 23 épisode 5,"Lieux : Fromy (08), Belgique

Début de l'affaire : 2013",https://www.youtube.com/embed/cMTZfzV2GkQ?enablejsapi=1&origin=https%3A%2F%2Fwww.fela.fr&widgetid=1,affaire/262/philippe-gillet-le-taureau-des-ardennes, 2013,Fromy (08)," Belgique

",,,,,,,,,
La belle et le taulard,Pipe de bronze - épisode moyen,saison 23 épisode 6,"Lieu : Chaum (31)

Début de l'affaire : 2011",,affaire/263/la-belle-et-le-taulard, 2011,"Chaum (31)

",,,,,,,,,,
"Hervé Robino, la trahison du jardinier",Pipe d'argent - bon épisode,saison 23 épisode 7,"Lieu : Roquebrune-sur-Argens (83)

Début de l'affaire : 2014",https://www.youtube.com/embed/4dSeXBwP6PM?enablejsapi=1&origin=https%3A%2F%2Fwww.fela.fr&widgetid=1,affaire/264/herve-robino-la-trahison-du-jardinier, 2014,"Roquebrune-sur-Argens (83)

",,,,,,,,,,
"Rémy Chesne et Audrey Louvet, la grotte sanglante de Sète",Pipe d'argent - bon épisode,saison 23 épisode 8,"Lieu : Sète (34)

Début de l'affaire : 2014",,affaire/265/remy-chesne-et-audrey-louvet-la-grotte-sanglante-de-sete, 2014,"Sète (34)

",,,,,,,,,,
La loi de Denis Mannechez,Pipe d'argent - bon épisode,saison 23 épisode 9,"Lieu : Gisors (27)

Début de l'affaire : 2014",,affaire/266/la-loi-de-denis-mannechez, 2014,"Gisors (27)

",,,,,,,,,,
"Pascal Payet, le roi de l’évasion",Pipe d'argent - bon épisode,saison 23 épisode 10,"Lieux : Grasse (06), Aix-en-Provence (13), Marseille (13), Salon-de-Provence (13), Roissy (95), Espagne

Début de l'affaire : 1999",,affaire/267/pascal-payet-le-roi-de-levasion, 1999,Grasse (06), Aix-en-Provence (13), Marseille (13), Salon-de-Provence (13), Roissy (95)," Espagne

",,,,,
Les secrets de Nordahl Lelandais,Pipe d'or - très bon épisode,saison 24 épisode 1,"Lieux : Le Pont-de-Beauvoisin (38), Chambéry (73), Montmélian (73)

Début de l'affaire : 2017",,affaire/268/les-secrets-de-nordahl-lelandais, 2017,Le Pont-de-Beauvoisin (38), Chambéry (73)," Montmélian (73)

",,,,,,,,
Le mort de la valise,Pipe d'or - très bon épisode,saison 24 épisode 2,"Lieux : Lorient (56), Paris (75)

Début de l'affaire : 2011",,affaire/269/le-mort-de-la-valise, 2011,Lorient (56)," Paris (75)

",,,,,,,,,
Alexandre Verdure et l'inconnue du Frasnois,Pipe d'argent - bon épisode,saison 24 épisode 3,"Lieux : Le Frasnois (39), Suisse

Début de l'affaire : 2016",,affaire/270/alexandre-verdure-et-linconnue-du-frasnois, 2016,Le Frasnois (39)," Suisse

",,,,,,,,,
"Florian Varin, le violeur à la gueule d’ange",Pipe de bronze - épisode moyen,saison 24 épisode 4,"Lieux : La Rochelle (17), Toulouse (31), Rennes (35), Locminé (56), Niort (79)

Début de l'affaire : 2012",,affaire/271/florian-varin-le-violeur-a-la-gueule-dange, 2012,La Rochelle (17), Toulouse (31), Rennes (35), Locminé (56)," Niort (79)

",,,,,,
Edith Scaravetti et le mort du mur,Pipe d'argent - bon épisode,saison 24 épisode 5,"Lieu : Toulouse (31)

Début de l'affaire : 2014",,affaire/272/edith-scaravetti-et-le-mort-du-mur, 2014,"Toulouse (31)

",,,,,,,,,,
"Patrice Uzan, l'arme fatale",Pipe d'argent - bon épisode,saison 24 épisode 6,"Lieux : Paris (75), Saint-Witz (95)

Début de l'affaire : 2011",,affaire/273/patrice-uzan-larme-fatale, 2011,Paris (75)," Saint-Witz (95)

",,,,,,,,,
Le crime presque parfait de Georges Pierru et Grit Bergmann,Pipe d'argent - bon épisode,saison 24 épisode 7,"Lieu : Èze (06)

Début de l'affaire : 2011",,affaire/274/le-crime-presque-parfait-de-georges-pierru-et-grit-bergmann, 2011,"Èze (06)

",,,,,,,,,,
"Jean-Baptiste Rambla, un crime pour héritage",Pipe d'or - très bon épisode,saison 24 épisode 8,"Lieux : Marseille (13), Toulouse (31)

Début de l'affaire : 2017",,affaire/275/jean-baptiste-rambla-un-crime-pour-heritage, 2017,Marseille (13)," Toulouse (31)

",,,,,,,,,
"Willy Bardon, la voix du sang",Pipe de diamant - excellent épisode,saison 24 épisode 9,"Lieux : Cartigny (80), Tertry (80)

Début de l'affaire : 2002",,affaire/276/willy-bardon-la-voix-du-sang, 2002,Cartigny (80)," Tertry (80)

",,,,,,,,,
"Cyril Koskinas, sexe, mensonges et vidéo",Pipe d'or - très bon épisode,saison 24 épisode 10,"Lieu : Fresnes-sur-Marne (77)

Début de l'affaire : 2004",,affaire/277/cyril-koskinas-sexe-mensonges-et-video, 2004,"Fresnes-sur-Marne (77)

",,,,,,,,,,
"Gomis, deux frères jumeaux, un coupable",Pipe d'argent - bon épisode,saison 24 épisode 11,"Lieu : Marseille (13)

Début de l'affaire : 2012",,affaire/278/gomis-deux-freres-jumeaux-un-coupable, 2012,"Marseille (13)

",,,,,,,,,,
Laurent Dejean et la joggeuse de Bouloc,Pipe d'argent - bon épisode,saison 24 épisode 12,"Lieu : Bouloc (31)

Début de l'affaire : 2011",,affaire/279/laurent-dejean-et-la-joggeuse-de-bouloc, 2011,"Bouloc (31)

",,,,,,,,,,
"Jacqueline Sauvage, du crime à la grâce",Pipe d'argent - bon épisode,saison 24 épisode 13,"Lieu : La Selle-sur-le-Bied (45)

Début de l'affaire : 2012",,affaire/280/jacqueline-sauvage-du-crime-a-la-grace, 2012,"La Selle-sur-le-Bied (45)

",,,,,,,,,,
